,ADANI ENTERPRISES,ADANI PORTS & SEZ,APOLLO HOSPITALS,ASIAN PAINTS,AXIS BANK,BAJAJ AUTO,BAJAJ FINANCE,BAJAJ FINSERV,BHARAT ELECTRONICS,BHARTI AIRTEL,BPCL,BRITANNIA,CIPLA,COAL INDIA,DR. REDDYS LAB,EICHER MOTORS,GRASIM,HCL TECHNOLOGIES,HDFC BANK,HDFC LIFE INSURANCE,HERO MOTOCORP,HINDALCO,HINDUSTAN UNILEVER,ICICI BANK,INDUSIND BANK,INFOSYS,ITC,JSW STEEL,KOTAK MAHINDRA BANK,L&T,M&M,MARUTI SUZUKI,NESTLE,NTPC,ONGC,POWER GRID,RELIANCE IND.,SBI,SBI LIFE INSURANCE,SHRIRAM FINANCE,SUN PHARMA,TATA CONSUMER,TATA MOTORS,TATA STEEL,TCS,TECH MAHINDRA,TITAN,TRENT,ULTRATECH CEMENT,WIPRO
0,2217.3,769.1,4796.55,2934.55,971.8,5344.35,7471.9,1572.85,132.4,913.45,178.45,4397.3,1201.25,306.65,1069.29,3282.25,1861.15,1258.95,1474.5,620.05,3092.45,462.7,2472.25,914.05,1432.6,1354.15,428.1,724.45,1724.4,2895.3,1454.6,10227.8,2387.27,232.6,186.7,200.95,1148.7,566.4,1336.05,1902.25,1116.2,892.06,627.7,116.6,3330.65,1125.1,3173.4,2197.65,8381.45,380.95
1,2215.3,774.3,4887.0,2955.4,982.95,5318.4,7449.1,1575.6,134.75,923.85,180.28,4527.25,1208.5,308.85,1067.7,3338.3,1890.23,1273.4,1476.75,619.3,3052.1,474.2,2486.8,919.95,1461.2,1370.15,431.15,733.35,1737.7,2918.1,1469.7,10303.6,2411.18,235.25,186.2,203.1,1160.1,572.1,1343.5,1954.85,1132.85,900.06,636.45,118.1,3360.1,1115.5,3201.5,2189.85,8459.0,383.65
2,2229.85,795.4,5153.2,2977.85,988.85,5368.95,7411.5,1536.15,135.95,930.75,180.75,4539.55,1206.35,312.0,1052.61,3428.0,1888.69,1266.25,1483.75,622.1,3089.4,475.2,2509.25,933.8,1450.25,1389.05,433.25,746.05,1733.25,2911.25,1469.0,10276.3,2399.91,234.35,190.0,204.4,1159.85,578.15,1329.35,2013.55,1141.1,902.48,647.5,117.3,3350.9,1133.1,3274.5,2196.5,8522.6,383.55
3,2246.0,802.5,5164.95,3029.3,1009.4,5406.85,7562.05,1564.4,137.65,939.2,183.13,4623.6,1204.1,316.55,1067.62,3510.95,1911.1,1269.7,1494.5,621.8,3166.9,481.95,2497.4,945.45,1470.25,1403.3,435.35,754.0,1740.2,2975.45,1488.3,10284.8,2428.96,235.85,193.3,208.2,1169.5,574.35,1331.85,1991.5,1150.0,907.37,646.05,119.4,3380.25,1142.15,3267.05,2233.2,8640.95,384.65
4,2233.35,797.55,5136.85,3033.35,1020.9,5419.0,7495.6,1569.8,138.05,937.15,186.4,4655.2,1216.45,314.25,1080.87,3509.05,1913.94,1273.95,1487.25,622.45,3130.25,484.55,2496.45,948.1,1486.4,1404.3,432.7,748.6,1751.25,2961.3,1479.75,10253.3,2436.95,239.15,193.2,208.0,1161.9,579.75,1340.85,1987.2,1170.95,910.73,645.0,119.65,3370.45,1149.0,3270.2,2424.0,8685.75,383.3
5,2259.95,818.7,5110.95,3095.25,1021.7,5397.6,7459.95,1575.5,140.4,936.75,192.1,4670.6,1241.0,317.4,1090.71,3550.3,1926.19,1267.65,1491.55,618.75,3132.1,488.05,2519.35,935.75,1488.95,1391.0,436.95,756.7,1746.25,2996.45,1487.4,10322.3,2428.16,236.7,195.35,207.0,1167.95,580.3,1345.5,1979.65,1176.7,905.05,642.55,119.05,3381.55,1139.15,3311.85,2452.85,8698.85,382.2
6,2214.65,806.2,5297.6,3080.2,1021.9,5418.9,7386.7,1582.25,137.95,932.35,191.78,4652.1,1238.15,323.55,1091.59,3541.9,1927.34,1267.5,1485.65,621.35,3173.9,484.45,2476.7,937.35,1507.35,1374.8,434.4,750.85,1744.95,3024.85,1552.05,10400.3,2422.68,237.95,192.7,209.8,1155.28,578.35,1350.7,1943.4,1176.2,891.77,649.35,119.65,3347.45,1123.95,3283.75,2478.05,8627.05,380.85
7,2205.1,808.6,5278.5,3076.45,1029.2,5392.05,7444.8,1596.0,138.8,935.5,192.03,4681.95,1240.1,323.4,1084.98,3540.75,1935.31,1255.45,1491.5,626.75,3105.2,481.3,2486.55,938.6,1498.8,1368.85,436.55,754.75,1745.45,3033.25,1524.1,10388.8,2413.72,242.75,195.9,211.15,1157.45,579.5,1355.4,1952.2,1179.35,901.49,651.05,120.05,3333.45,1138.15,3256.35,2489.35,8710.85,379.3
8,2211.35,812.25,5275.55,3098.15,1029.95,5442.55,7456.9,1594.6,139.6,938.0,192.05,4676.6,1243.95,331.8,1089.95,3579.3,1938.39,1260.2,1500.0,626.9,3115.2,482.45,2491.55,942.35,1502.1,1388.2,438.45,756.55,1752.5,3052.0,1526.25,10431.4,2428.33,244.55,196.75,212.0,1165.33,581.3,1358.85,1963.25,1180.6,904.06,653.55,120.85,3357.3,1142.15,3280.6,2494.25,8711.1,382.45
9,2213.65,809.85,5220.65,3085.6,1025.35,5425.2,7360.85,1585.2,143.4,935.0,193.55,4696.35,1240.55,349.35,1083.97,3645.4,1921.21,1261.0,1488.8,621.05,3118.8,487.5,2478.15,934.45,1509.6,1373.55,436.0,761.1,1748.2,3048.5,1540.25,10398.4,2408.58,245.7,195.8,212.3,1157.3,581.35,1328.35,1967.8,1177.8,905.3,653.25,121.0,3331.55,1131.35,3264.75,2559.05,8677.4,381.65
10,2225.4,810.75,5224.95,3116.2,1041.35,5536.7,7224.3,1587.05,143.05,950.0,196.28,4710.8,1241.75,350.6,1083.99,3848.3,1936.25,1276.65,1504.4,636.15,3177.85,505.4,2486.4,941.1,1493.95,1410.5,441.95,772.85,1769.5,3064.95,1544.15,10456.0,2417.41,247.3,199.5,210.15,1178.22,584.7,1357.1,2035.75,1180.9,918.19,671.55,124.05,3404.3,1173.75,3295.95,2553.15,8766.9,391.65
11,2205.9,813.6,5338.75,3130.3,1026.35,5550.9,7362.45,1620.65,142.6,949.55,199.33,4702.1,1234.8,345.8,1108.85,3836.75,1934.91,1311.05,1508.35,634.95,3280.05,504.3,2491.2,936.0,1498.65,1444.9,438.65,769.15,1772.85,3051.15,1569.5,10484.5,2408.29,252.35,201.8,207.2,1180.35,584.65,1359.95,2035.75,1189.55,908.75,680.4,124.7,3497.85,1207.2,3335.95,2544.7,8775.05,397.1
12,2208.8,810.05,5478.95,3168.9,994.35,5631.5,7221.0,1615.9,146.1,947.3,195.13,4718.3,1249.4,345.25,1122.31,3865.3,1962.75,1309.15,1505.1,651.8,3334.75,497.75,2528.8,921.85,1498.45,1437.55,439.25,768.8,1764.6,3109.0,1584.55,10523.5,2437.31,251.6,196.35,209.5,1177.78,563.05,1413.95,1994.8,1194.6,919.42,681.55,125.2,3502.45,1202.75,3338.85,2576.4,8790.95,395.4
13,2149.85,803.6,5473.95,3140.35,988.7,5650.15,7068.6,1593.8,143.85,961.4,196.0,4712.0,1247.1,347.75,1120.83,3846.45,1964.49,1325.4,1505.2,652.4,3346.35,497.3,2506.45,921.45,1504.8,1436.6,436.8,761.85,1770.55,3088.8,1552.2,10566.2,2430.26,251.05,197.85,209.3,1174.68,563.75,1385.3,1988.95,1188.0,919.42,674.3,124.35,3519.6,1211.8,3345.85,2622.75,8661.5,400.2
14,2196.65,801.35,5466.8,3133.25,991.8,5685.95,7103.15,1610.4,142.85,970.85,194.0,4699.75,1253.25,334.2,1129.29,3844.2,1969.62,1326.6,1517.95,667.9,3376.5,506.85,2505.25,926.1,1502.05,1439.0,436.25,775.8,1767.2,3074.85,1559.75,10535.2,2437.34,250.0,191.2,208.95,1189.45,561.5,1423.65,1999.85,1201.4,916.31,681.7,126.25,3510.2,1204.5,3394.45,2613.75,8708.35,400.65
15,2172.65,791.9,5532.0,3133.0,998.1,5751.55,7128.35,1623.9,141.85,969.75,201.05,4694.2,1271.5,332.15,1132.91,3833.8,1966.28,1329.7,1512.55,668.5,3413.6,500.25,2521.9,922.75,1470.4,1457.8,439.7,768.45,1745.65,3082.3,1543.45,10494.5,2435.08,253.65,191.0,211.6,1194.1,558.95,1430.1,1977.1,1204.1,916.85,681.2,126.1,3530.15,1215.4,3429.85,2627.15,8759.9,400.25
16,2175.25,793.1,5493.95,3122.95,999.05,5925.25,7073.65,1623.95,139.35,976.65,205.65,4705.8,1170.65,334.45,1128.93,3883.8,1949.15,1329.0,1521.3,665.0,3568.0,501.95,2519.9,923.0,1486.1,1449.25,440.35,775.55,1739.3,3045.65,1545.85,10488.5,2439.33,252.75,190.65,210.9,1197.75,559.95,1410.95,1974.85,1198.8,921.55,679.95,126.7,3508.25,1210.9,3408.4,2655.05,8605.25,402.5
17,2225.45,795.55,5401.3,3136.15,1008.5,5930.3,7020.8,1617.25,140.35,973.15,205.3,4644.15,1198.65,332.8,1129.23,3849.05,1941.68,1309.15,1532.1,668.0,3548.6,507.8,2515.2,929.4,1476.2,1437.4,437.8,782.05,1744.0,3054.25,1553.2,10515.7,2413.9,253.9,188.85,210.45,1196.95,560.35,1409.7,1947.5,1195.45,915.52,673.7,125.95,3457.1,1197.85,3396.95,2649.7,8556.2,396.0
18,2423.5,837.7,5366.8,3148.35,1021.15,5998.15,7127.55,1654.4,141.3,984.9,212.25,4713.45,1192.3,341.95,1135.16,3826.7,1968.08,1316.65,1528.65,673.3,3622.0,515.6,2510.55,925.5,1477.55,1442.7,435.25,782.35,1742.25,3050.0,1566.05,10537.5,2421.86,257.55,193.95,210.2,1197.2,564.45,1412.45,1965.7,1191.35,920.41,697.5,126.85,3470.15,1202.4,3442.4,2671.75,8726.5,396.85
19,2396.6,835.55,5421.95,3148.35,1060.15,6069.95,7130.1,1653.5,141.0,995.4,214.33,4803.65,1201.55,342.35,1143.07,3812.25,1995.32,1333.95,1559.15,675.65,3746.9,517.45,2525.05,939.6,1483.55,1459.6,437.2,793.25,1753.45,3083.75,1619.1,10599.2,2406.75,258.4,192.0,211.05,1200.35,568.6,1407.85,1974.35,1202.2,922.09,712.35,127.75,3513.75,1221.7,3429.3,2676.4,8732.75,406.25
20,2358.55,825.5,5528.95,3119.9,1074.25,6090.55,7121.9,1673.5,145.9,1014.7,217.85,4852.65,1212.3,342.15,1157.63,3896.9,1997.51,1340.9,1558.8,690.75,3819.05,515.65,2545.55,934.95,1466.1,1455.15,435.8,801.1,1755.45,3109.2,1647.75,10608.7,2423.61,261.3,194.95,208.95,1188.72,564.75,1435.25,2007.2,1225.85,929.2,706.4,127.9,3487.6,1220.95,3490.6,2787.0,9003.65,413.05
21,2362.7,827.8,5591.15,3173.4,1104.65,6046.05,7259.35,1685.95,147.45,1014.7,219.0,4970.75,1205.7,346.65,1149.88,3891.2,2008.07,1336.7,1555.4,682.15,3760.0,517.2,2563.65,946.7,1461.05,1452.3,449.8,810.8,1750.5,3190.65,1625.5,10585.7,2433.86,268.95,194.55,210.2,1197.15,571.75,1423.65,2003.25,1231.25,931.27,705.45,130.0,3511.65,1220.55,3489.5,2807.7,9033.85,407.65
22,2531.2,878.65,5622.55,3194.55,1125.6,6201.7,7407.65,1696.25,153.55,1032.9,230.75,4937.75,1216.5,354.7,1151.2,4180.35,2044.82,1337.95,1609.4,674.95,3797.1,519.25,2602.3,991.2,1514.65,1464.35,454.05,819.6,1818.55,3313.55,1656.85,10599.5,2440.28,274.8,202.05,212.9,1210.1,594.7,1454.0,2094.45,1231.15,935.03,705.6,131.0,3512.45,1223.9,3488.4,2816.85,9317.75,407.45
23,2959.35,1013.1,5580.2,3226.25,1132.45,6140.1,7349.8,1692.7,152.0,1031.1,236.1,4948.4,1224.45,355.55,1155.29,4136.5,2064.14,1317.55,1623.7,672.75,3806.75,520.65,2563.25,1013.45,1506.6,1453.95,451.75,821.7,1828.45,3315.45,1686.05,10721.9,2460.89,285.45,202.05,222.3,1218.88,608.25,1460.95,2069.95,1239.55,938.39,708.95,131.6,3531.6,1220.6,3545.3,2874.75,9329.75,404.35
24,2883.95,1017.95,5543.1,3252.55,1120.5,6069.95,7427.1,1700.35,156.15,1024.45,236.43,5003.15,1205.2,352.15,1146.07,4047.0,2049.6,1329.55,1627.8,677.35,3761.05,523.0,2567.65,1003.25,1501.6,1474.3,463.25,824.7,1821.4,3392.3,1702.4,10625.8,2496.85,281.1,201.95,224.4,1230.55,608.45,1450.7,2055.7,1240.35,940.02,722.45,131.85,3604.1,1225.2,3546.9,2867.85,9213.0,418.75
25,2887.15,1039.65,5461.4,3251.8,1117.85,6093.6,7391.2,1704.05,160.35,1000.0,237.35,5016.0,1222.8,351.95,1157.02,4091.0,2073.51,1328.0,1630.45,678.3,3772.65,516.05,2518.25,999.0,1504.75,1465.9,458.1,819.15,1826.85,3355.6,1692.65,10696.7,2497.52,283.8,198.9,230.0,1228.53,611.7,1455.75,2034.8,1239.3,945.15,721.95,130.0,3614.9,1223.25,3585.4,2845.2,9354.55,418.25
26,2822.15,1022.95,5555.35,3232.0,1131.2,6075.7,7307.6,1710.15,158.75,1000.25,235.23,4942.2,1219.1,351.0,1152.78,4055.0,2061.85,1364.1,1653.2,671.25,3715.75,520.35,2522.3,1010.85,1508.95,1491.15,449.15,839.35,1838.45,3378.45,1668.55,10618.5,2478.96,285.05,195.95,228.6,1227.88,614.15,1465.2,2031.6,1235.8,934.98,714.55,129.2,3626.7,1225.3,3634.65,2841.3,9413.55,422.6
27,2855.8,1031.9,5547.35,3233.0,1116.5,6138.4,7292.75,1702.8,161.25,1000.85,232.75,4944.15,1202.3,353.65,1094.7,4025.65,2075.8,1375.3,1651.0,672.5,3704.65,522.4,2503.65,1017.1,1521.85,1488.5,452.45,845.1,1844.05,3385.8,1652.2,10541.8,2504.34,287.3,197.8,230.95,1229.68,614.25,1460.6,2047.1,1241.4,938.78,720.8,130.05,3642.9,1233.3,3630.5,2881.4,9670.9,420.6
28,2857.65,1041.95,5428.95,3224.75,1131.0,6254.2,7314.55,1706.75,160.8,995.25,223.78,4903.05,1198.65,347.5,1108.07,3951.75,2072.51,1375.3,1634.6,707.35,3747.15,527.45,2502.75,1015.7,1497.0,1476.05,453.1,853.85,1824.35,3342.4,1635.4,10338.4,2494.72,283.4,195.4,231.35,1212.03,612.4,1481.45,1995.25,1218.0,937.1,715.4,130.1,3672.1,1226.15,3571.4,2883.55,9863.5,422.2
29,2875.05,1063.5,5426.75,3243.65,1114.85,6316.1,7258.0,1684.55,162.85,999.9,223.75,4919.3,1216.5,345.2,1119.73,4032.75,2075.7,1369.2,1630.9,698.2,3863.3,532.85,2511.9,1013.9,1506.9,1449.0,455.65,851.4,1826.2,3399.8,1666.15,10380.0,2504.44,294.05,193.15,236.95,1216.97,619.85,1466.8,1995.3,1233.1,945.55,720.3,131.4,3593.55,1216.1,3602.35,2963.45,9739.15,419.65
30,2894.05,1074.7,5515.9,3241.35,1120.45,6334.85,7474.2,1730.95,164.0,1005.2,222.85,4946.65,1204.65,347.6,1114.67,4086.15,2095.57,1414.6,1650.15,684.55,3883.65,543.1,2516.35,1033.65,1551.7,1501.45,460.1,847.4,1853.85,3433.1,1703.55,10353.2,2479.33,295.4,195.95,232.1,1232.08,623.65,1469.85,2118.3,1231.3,938.78,719.75,132.0,3667.25,1264.7,3591.4,2984.75,9963.3,434.4
31,2991.8,1078.55,5551.2,3313.9,1120.35,6275.2,7515.05,1733.15,169.05,992.55,224.5,4913.9,1207.1,350.0,1117.89,4059.9,2119.27,1491.3,1656.55,673.1,3896.55,557.25,2522.9,1037.4,1570.8,1578.4,458.2,867.2,1850.6,3488.0,1724.95,10286.4,2436.64,305.1,201.05,237.35,1247.8,648.25,1452.5,2077.7,1235.75,942.98,732.4,136.45,3861.0,1306.1,3600.55,2989.75,10029.5,446.55
32,2980.6,1094.3,5498.65,3332.05,1111.35,6465.7,7587.6,1724.6,172.7,990.25,223.63,4879.5,1216.8,347.65,1118.21,4085.5,2101.4,1504.3,1655.7,672.25,3889.75,566.4,2535.5,1021.45,1556.35,1564.35,451.65,854.9,1846.95,3491.6,1710.8,10319.6,2435.43,303.2,199.0,231.85,1260.5,648.5,1446.95,2048.0,1252.75,938.04,730.8,136.6,3859.2,1291.75,3619.6,2971.45,9970.35,445.25
33,2941.25,1074.0,5555.5,3336.05,1120.25,6419.0,7632.65,1709.75,173.05,988.45,224.88,4911.25,1237.1,366.95,1127.49,4039.65,2109.86,1488.3,1652.9,666.05,3821.85,564.85,2560.7,1015.45,1566.55,1558.3,456.1,858.7,1846.55,3498.95,1699.35,10233.6,2548.97,309.65,200.3,233.55,1279.05,655.4,1424.55,2059.55,1244.95,954.29,728.95,135.4,3816.2,1281.45,3610.45,3000.8,10017.1,438.7
34,2783.85,1012.15,5402.2,3297.15,1110.25,6364.45,7493.95,1680.9,167.25,971.55,219.73,4954.95,1236.2,352.15,1115.83,3912.4,2055.38,1439.95,1657.0,644.1,3815.5,548.2,2557.5,1006.65,1556.15,1536.4,451.0,842.25,1826.5,3418.5,1646.95,10081.2,2509.77,297.65,203.2,227.15,1263.58,636.45,1409.25,1998.75,1232.15,964.31,705.25,129.75,3780.05,1248.6,3554.1,2948.95,9887.45,431.95
35,2799.75,1018.95,5475.85,3302.95,1095.4,6246.35,7367.15,1666.85,170.65,977.9,224.78,5059.6,1221.85,355.5,1110.9,3957.95,2077.34,1422.05,1686.7,644.2,3850.15,556.25,2553.2,1004.4,1570.0,1536.0,451.45,841.9,1852.7,3424.15,1633.85,10012.8,2511.58,301.95,202.65,232.35,1281.28,643.75,1403.75,2016.85,1233.5,967.28,708.85,131.0,3787.5,1250.1,3580.0,2955.2,9954.45,434.0
36,2808.35,1027.5,5541.4,3341.3,1088.3,6372.1,7295.3,1672.05,174.8,989.55,223.33,5161.1,1235.6,363.25,1125.54,4006.05,2038.1,1462.7,1670.85,639.85,3935.7,570.45,2575.6,994.3,1562.35,1562.9,455.2,855.3,1860.5,3477.95,1634.25,10217.2,2536.84,302.8,203.95,231.75,1282.53,636.75,1394.3,2055.45,1243.65,980.61,724.7,133.55,3824.0,1275.15,3627.35,2965.5,9969.0,462.65
37,2865.45,1028.75,5633.15,3383.35,1094.25,6464.55,7162.3,1645.3,181.95,999.85,225.8,5235.95,1244.95,366.05,1126.43,4040.4,2061.35,1458.15,1682.45,638.0,4067.45,579.85,2584.75,995.1,1570.8,1543.95,456.45,852.3,1886.85,3490.05,1662.25,10270.7,2556.21,309.6,207.35,233.35,1289.03,638.05,1395.3,2035.75,1247.5,994.98,719.55,135.2,3795.55,1282.0,3656.7,2970.0,10018.7,470.1
38,2843.35,1024.4,5687.45,3404.45,1106.35,6709.65,7232.8,1669.45,180.2,1021.2,227.35,5216.8,1239.75,365.6,1142.9,4120.0,2116.39,1472.05,1703.3,643.8,4064.3,605.6,2608.3,1002.25,1597.45,1567.1,457.1,875.9,1902.35,3544.0,1687.95,10288.5,2572.04,306.05,205.55,234.05,1293.43,648.55,1421.35,2049.9,1252.45,1014.14,740.9,137.2,3811.2,1280.15,3689.25,3010.75,10436.1,470.95
39,2809.9,1016.95,5760.5,3397.25,1107.85,6703.3,7258.65,1681.2,182.7,1036.7,232.9,5282.0,1260.8,380.95,1171.71,4091.9,2131.48,1472.45,1705.25,648.1,4173.25,614.3,2633.8,1005.9,1610.55,1562.65,464.1,880.8,1921.35,3518.05,1734.45,10271.6,2624.99,313.9,208.3,239.1,1302.78,651.4,1435.3,2045.65,1262.15,1028.22,753.9,138.15,3799.9,1285.95,3715.1,3026.0,10426.3,469.45
40,2848.95,1024.35,5704.1,3402.4,1102.3,6797.25,7327.75,1685.8,184.2,1032.2,225.33,5338.45,1246.3,376.0,1159.58,4143.5,2126.35,1466.1,1709.25,646.7,4139.55,614.85,2663.95,996.6,1598.95,1542.9,462.1,880.25,1908.1,3526.0,1729.4,10302.3,2658.03,311.15,205.05,237.2,1292.47,642.05,1432.6,2053.3,1259.45,1073.46,779.95,139.6,3793.4,1272.65,3675.45,3054.95,10503.0,471.3
41,2917.2,1047.85,5750.05,3396.1,1097.7,6701.1,7299.05,1676.4,184.95,1013.05,226.03,5319.8,1251.0,381.8,1164.33,4038.35,2118.88,1483.75,1698.1,648.7,4118.55,610.4,2654.75,999.4,1598.85,1551.35,468.05,877.6,1909.15,3525.45,1703.3,10283.3,2737.24,309.75,205.35,238.25,1295.13,641.35,1432.1,2048.85,1260.25,1066.84,790.6,139.85,3811.1,1297.15,3677.15,3002.1,10464.0,477.15
42,2932.4,1078.4,5746.35,3391.35,1093.25,6665.05,7430.05,1686.2,182.15,1021.7,228.13,5288.85,1281.55,392.65,1185.36,3892.5,2093.13,1469.55,1699.1,645.5,4088.2,617.0,2613.8,982.25,1575.6,1534.4,470.35,870.2,1865.05,3438.1,1656.2,10197.8,2722.31,306.0,207.05,237.85,1305.85,639.45,1437.65,2030.05,1296.2,1084.27,784.4,139.6,3783.2,1278.1,3698.25,2995.2,10204.7,469.2
43,3003.0,1094.25,5768.3,3373.6,1098.6,6986.5,7384.8,1677.65,182.35,1035.2,230.53,5253.8,1300.15,384.55,1186.38,3887.6,2063.99,1437.75,1672.9,637.2,3989.85,593.05,2606.55,984.05,1601.15,1490.0,477.25,837.65,1865.9,3440.35,1655.25,10077.7,2663.52,306.2,208.25,237.05,1291.65,643.45,1422.7,2090.05,1298.6,1071.63,781.45,135.35,3691.75,1244.2,3693.05,3058.35,10111.5,455.9
44,2998.3,1123.2,5762.2,3379.95,1123.4,6922.15,7705.55,1701.95,186.9,1047.9,226.33,5361.3,1296.65,384.75,1168.44,3861.0,2062.0,1419.95,1690.85,647.95,3946.95,590.5,2592.55,987.15,1648.55,1512.7,476.4,837.1,1863.6,3458.7,1641.7,10015.3,2711.64,317.1,214.65,241.45,1298.33,642.75,1431.6,2148.15,1312.95,1111.73,795.75,134.25,3666.8,1247.5,3719.7,3067.85,10014.8,452.4
45,3006.6,1154.25,5754.25,3355.55,1136.95,6978.5,7711.15,1709.5,185.95,1046.6,226.55,5272.35,1286.9,384.25,1167.13,3877.05,2071.27,1432.8,1682.2,646.75,3990.3,587.0,2620.05,993.7,1643.2,1532.55,473.95,829.4,1847.6,3521.9,1642.0,10017.0,2666.4,314.95,216.45,241.25,1303.85,641.95,1454.15,2172.4,1300.2,1109.16,790.95,133.65,3737.9,1248.3,3712.55,3065.55,10016.0,456.6
46,2963.5,1168.85,5682.0,3298.4,1122.0,6983.85,7736.0,1696.35,183.6,1049.05,227.5,5177.35,1271.75,380.4,1152.27,3884.25,2059.51,1447.9,1663.45,645.85,4009.5,577.65,2578.25,982.0,1627.1,1522.8,465.5,821.95,1826.1,3501.1,1616.15,9946.7,2619.3,316.45,217.95,242.35,1293.68,627.0,1421.05,2196.35,1305.3,1091.38,789.1,132.0,3678.3,1228.95,3706.05,3044.55,9934.5,450.35
47,3014.6,1197.1,5797.65,3267.5,1116.55,7093.9,7725.45,1682.45,184.65,1064.5,229.98,5122.4,1289.35,385.35,1149.96,3870.45,2055.88,1460.4,1650.5,640.9,4112.5,575.95,2579.75,979.75,1625.1,1529.3,464.55,821.4,1826.65,3555.95,1629.9,10024.1,2592.6,319.75,216.65,242.3,1290.25,625.4,1449.35,2167.85,1324.0,1098.0,799.8,133.65,3689.9,1235.65,3694.0,3115.45,9899.1,450.75
48,3098.2,1214.35,5800.9,3286.85,1107.0,7053.75,7680.55,1671.85,185.6,1062.7,225.63,5086.65,1329.2,382.05,1157.44,3842.55,2068.55,1492.1,1655.95,644.95,4138.05,580.05,2577.4,993.05,1640.15,1519.9,463.3,829.8,1820.8,3545.5,1632.8,10010.2,2578.1,313.35,212.1,239.15,1325.05,621.75,1451.45,2150.0,1324.85,1100.27,808.45,134.1,3713.05,1240.9,3714.45,3173.6,9776.2,453.6
49,3080.9,1202.95,5869.9,3288.2,1125.75,7298.85,7669.75,1669.25,184.35,1062.85,229.35,5136.7,1325.65,384.35,1138.49,3888.8,2083.7,1484.8,1649.0,644.0,4342.2,576.95,2536.2,991.15,1657.85,1494.2,462.65,822.05,1822.85,3504.85,1628.65,10011.1,2557.2,312.9,211.85,241.95,1359.9,620.2,1427.8,2279.75,1316.25,1105.51,815.65,134.9,3735.55,1249.4,3698.6,3175.8,9920.45,448.2
50,3104.1,1207.1,5795.7,3277.8,1120.35,7301.95,7661.05,1651.9,183.5,1076.35,229.13,5151.1,1308.0,381.1,1137.77,3870.85,2111.55,1540.8,1641.2,637.6,4383.15,582.05,2544.0,1003.5,1674.0,1612.75,466.7,825.8,1833.25,3568.8,1624.45,9965.65,2549.6,312.65,223.4,239.5,1370.73,633.6,1435.3,2292.8,1325.95,1144.77,816.45,135.3,3882.8,1308.05,3726.0,3212.15,9808.45,465.45
51,3089.5,1203.1,5896.4,3273.9,1119.5,7332.1,7478.0,1632.4,188.65,1102.4,229.98,5177.35,1313.15,384.65,1156.65,3832.1,2101.0,1588.2,1672.8,614.45,4372.4,574.65,2573.2,1009.85,1688.85,1652.1,467.6,825.15,1851.5,3543.05,1635.55,10086.9,2547.55,317.3,233.5,241.15,1394.13,640.1,1430.05,2319.55,1329.35,1136.67,812.45,134.9,3903.8,1337.65,3758.85,3193.3,9954.55,494.6
52,3056.5,1193.35,5904.55,3296.9,1119.1,7293.95,7456.65,1623.5,186.8,1095.9,236.43,5130.6,1302.35,381.9,1151.63,3792.3,2115.2,1555.45,1679.15,611.25,4384.65,579.55,2569.1,1009.05,1667.05,1631.55,472.3,832.3,1848.0,3573.5,1620.35,10183.5,2542.05,311.5,235.1,239.05,1374.63,636.9,1408.8,2309.7,1313.45,1129.66,818.85,137.25,3861.3,1320.4,3820.3,3166.1,9969.6,485.0
53,2971.05,1166.85,5925.9,3242.3,1082.3,7165.95,7358.85,1586.15,185.65,1085.25,235.83,5061.7,1294.0,379.65,1129.99,3751.1,2067.85,1575.9,1537.5,606.6,4370.85,560.25,2562.9,981.75,1643.9,1640.2,466.6,812.65,1779.65,3570.95,1597.7,10051.7,2543.1,309.3,232.05,239.2,1361.58,626.0,1421.15,2288.0,1299.0,1124.62,805.55,131.65,3884.6,1326.75,3830.05,3147.85,9854.65,482.4
54,2918.9,1154.05,5990.85,3163.85,1097.5,7083.6,7265.55,1581.15,188.2,1087.05,236.6,5015.15,1322.95,375.65,1129.99,3691.15,2053.65,1567.55,1486.15,607.8,4394.0,554.9,2548.0,986.35,1612.9,1642.6,465.5,803.65,1777.25,3596.0,1617.25,9924.5,2502.0,299.3,233.55,233.45,1367.95,628.3,1404.9,2255.4,1335.75,1132.72,819.05,131.0,3902.6,1355.15,3734.7,3151.75,9892.25,482.65
55,2915.65,1152.45,6094.65,3165.85,1116.55,7136.55,7319.1,1600.5,191.85,1125.0,240.48,5138.65,1327.95,383.25,1133.64,3699.45,2081.2,1567.95,1470.65,615.9,4399.75,557.1,2565.4,999.2,1561.1,1659.2,471.5,816.65,1764.3,3646.0,1655.55,10037.7,2514.15,308.45,242.05,235.4,1367.45,627.75,1440.6,2301.85,1335.6,1147.44,823.55,134.25,3943.05,1389.9,3810.6,3210.05,10093.7,485.05
56,2987.9,1193.0,6122.55,3138.8,1121.0,7095.15,7301.3,1581.0,193.4,1123.75,241.55,5166.4,1316.25,398.8,1127.08,3697.6,2081.2,1544.0,1478.85,608.0,4401.65,561.05,2468.9,1008.7,1535.35,1648.85,468.4,808.2,1806.8,3634.5,1622.3,9972.55,2479.95,308.2,242.05,237.2,1356.65,631.4,1442.2,2299.0,1326.15,1135.98,818.9,133.95,3860.65,1385.6,3784.7,3192.6,9997.4,477.95
57,2896.55,1137.1,6153.75,3054.7,1089.25,7095.9,7070.7,1582.5,187.1,1158.0,231.53,5048.1,1409.0,375.3,1134.88,3616.7,2049.6,1523.65,1427.35,586.15,4444.2,541.4,2375.55,1029.05,1441.7,1642.15,459.3,790.4,1784.5,3551.0,1595.2,9860.45,2462.9,302.6,229.9,237.95,1328.58,605.1,1375.5,2279.5,1378.3,1131.58,800.45,130.1,3858.25,1366.65,3739.65,3164.15,9831.0,469.9
58,2903.45,1120.6,6213.35,2999.45,1059.15,7212.85,7055.3,1620.85,189.25,1189.95,238.58,5142.25,1417.35,382.6,1180.42,3635.0,2071.3,1576.4,1455.9,581.65,4433.65,565.15,2441.65,999.2,1490.85,1675.4,463.6,812.2,1788.6,3589.2,1628.1,9988.2,2513.95,308.85,234.35,246.2,1343.88,618.3,1410.55,2302.45,1382.1,1144.77,810.9,135.15,3841.8,1407.95,3767.85,3222.75,9990.5,478.05
59,2893.6,1146.3,6168.85,2949.2,1042.25,7597.5,7085.5,1630.15,189.7,1160.55,237.2,5141.9,1369.65,389.4,1171.1,3616.45,2076.5,1550.25,1434.9,579.0,4442.15,567.2,2428.3,1009.95,1512.0,1669.1,455.65,815.7,1768.4,3593.45,1635.5,9881.0,2482.15,314.75,234.05,245.5,1353.08,612.75,1380.9,2307.15,1368.3,1122.79,811.85,133.75,3810.3,1322.05,3770.2,3231.8,9969.35,470.0
60,3064.65,1196.65,6329.75,2976.05,1061.25,7548.8,7191.65,1636.95,190.9,1162.15,246.33,5136.9,1336.85,412.8,1168.74,3669.05,2104.5,1574.55,1454.65,578.55,4593.5,567.9,2444.4,1016.4,1526.8,1656.6,449.8,811.7,1822.9,3708.0,1640.0,9991.4,2498.55,324.55,252.5,253.95,1448.05,622.95,1418.4,2409.0,1400.85,1127.04,841.0,135.0,3801.0,1314.35,3866.65,3246.4,10274.0,473.0
61,3091.1,1187.35,6309.8,2954.1,1054.1,7566.4,6817.2,1590.55,187.9,1158.65,252.1,5091.75,1317.1,402.55,1168.19,3704.75,2126.15,1559.3,1444.3,575.0,4588.35,569.25,2458.65,1016.9,1519.9,1651.45,438.05,812.0,1823.6,3633.3,1620.35,9951.65,2492.05,315.45,249.2,254.1,1407.63,626.75,1399.0,2452.95,1371.75,1109.11,858.85,134.7,3800.55,1317.85,3735.75,3054.95,9963.6,472.5
62,3142.0,1207.65,6352.95,2957.85,1067.75,7667.55,6862.9,1627.3,185.9,1170.7,251.18,5198.4,1351.0,406.15,1224.23,3839.6,2175.0,1576.0,1462.55,576.6,4621.55,579.35,2481.55,1028.15,1534.05,1660.9,441.55,818.65,1825.25,3479.75,1651.55,10186.9,2506.0,317.5,252.25,259.3,1426.63,640.5,1401.15,2466.8,1418.45,1104.27,884.2,135.95,3815.95,1333.65,3697.55,3086.95,10167.3,478.15
63,3153.5,1218.85,6287.95,2929.35,1084.25,7655.75,6743.3,1622.25,183.4,1151.2,254.23,5148.6,1387.65,406.7,1198.63,3933.2,2128.6,1577.4,1466.35,587.1,4586.7,571.25,2473.6,1025.15,1541.15,1657.05,442.9,801.7,1822.75,3398.0,1651.15,10638.0,2467.8,322.0,247.65,265.8,1426.65,647.65,1432.75,2397.2,1407.95,1115.78,878.5,134.8,3854.15,1312.5,3627.45,3102.8,9922.3,471.35
64,3157.45,1261.45,6320.55,2936.3,1067.05,7738.2,6848.3,1651.5,184.6,1150.8,279.18,5148.85,1392.65,419.8,1207.9,3825.55,2139.45,1583.75,1446.15,578.8,4717.3,583.5,2452.6,1024.0,1533.75,1693.35,440.1,823.55,1822.95,3376.05,1660.75,10655.5,2481.4,332.5,257.25,277.1,1457.7,649.65,1435.45,2405.5,1416.65,1148.47,878.75,138.7,3966.3,1338.1,3612.4,3126.05,10098.5,483.15
65,3173.45,1258.55,6234.5,2917.35,1061.5,7658.25,6608.2,1614.9,181.55,1113.55,287.38,5124.5,1433.9,440.25,1218.89,3889.95,2089.75,1555.35,1444.85,563.35,4746.65,579.9,2419.5,1023.5,1537.8,1687.2,438.05,814.65,1808.35,3341.75,1703.55,10428.5,2462.7,336.1,262.95,282.9,1439.03,642.95,1419.85,2357.1,1463.8,1136.62,926.8,141.55,3973.3,1332.75,3552.05,3027.15,9916.35,482.35
66,3203.75,1273.1,6197.3,2930.95,1050.05,7720.4,6598.15,1597.05,183.1,1134.05,304.65,5007.05,1425.45,448.65,1233.32,3944.6,2066.0,1623.75,1444.1,592.75,4783.45,584.9,2426.35,1026.4,1511.4,1729.45,431.4,818.75,1787.0,3424.25,1727.65,10844.8,2456.65,334.2,272.3,274.25,1427.8,650.25,1464.0,2396.45,1475.1,1149.27,939.55,144.65,4136.0,1351.05,3559.15,3035.0,10048.8,499.65
67,3229.85,1255.65,6177.95,2981.15,1069.1,7701.9,6709.2,1596.2,181.7,1134.3,301.02,5078.25,1438.75,452.65,1235.95,3927.65,2111.5,1615.35,1429.95,605.15,4793.35,592.25,2425.45,1022.15,1515.35,1693.75,431.8,836.6,1792.6,3394.7,1721.0,10935.7,2499.6,330.7,271.9,267.95,1442.15,675.25,1469.45,2413.65,1496.2,1151.88,933.8,144.4,4083.4,1318.0,3576.5,3607.5,10226.5,495.2
68,3168.6,1245.2,6231.0,2929.6,1035.9,7757.25,6575.65,1570.55,184.8,1142.15,310.25,4875.55,1420.2,459.2,1232.01,3807.3,2057.3,1633.8,1403.05,591.7,4807.9,601.3,2417.05,989.3,1477.3,1692.1,414.55,822.1,1729.7,3335.5,1685.9,10743.9,2423.05,330.9,273.15,276.2,1450.13,699.55,1459.05,2347.95,1499.6,1123.93,924.3,143.65,4134.1,1309.25,3549.1,3841.95,9997.65,488.85
69,3215.2,1271.5,6437.35,2951.65,1051.4,7784.85,6654.5,1570.95,180.65,1120.25,307.15,4971.5,1439.75,456.2,1231.17,3840.95,2168.5,1630.6,1403.6,584.0,4908.85,591.3,2424.15,1010.7,1486.25,1669.35,415.5,811.75,1742.45,3324.55,1646.4,10732.8,2450.1,324.9,267.55,273.0,1460.75,725.25,1439.7,2334.1,1534.8,1115.39,915.0,141.3,4133.7,1311.05,3591.6,3759.55,9945.75,490.45
70,3169.75,1249.35,6614.45,2953.8,1046.7,7829.95,6569.15,1557.25,174.65,1118.7,295.23,4970.2,1434.75,432.8,1266.7,3871.85,2147.35,1666.95,1390.0,577.2,4687.5,582.45,2385.65,996.1,1447.15,1680.1,406.85,811.5,1709.55,3299.55,1660.45,10709.7,2459.05,316.15,257.9,270.3,1452.35,707.9,1436.0,2262.25,1534.45,1108.42,911.6,137.4,4120.7,1318.8,3585.25,3802.05,9963.85,501.45
71,3178.45,1264.8,6718.9,2971.6,1070.75,7917.4,6603.65,1568.0,176.6,1117.85,292.15,4981.6,1457.75,452.35,1267.07,3854.2,2064.15,1665.6,1394.45,589.55,4744.8,510.1,2394.0,1019.8,1463.9,1684.55,406.75,812.65,1737.15,3321.5,1646.75,10794.5,2457.35,321.55,259.5,270.25,1465.1,713.45,1467.6,2330.65,1542.2,1123.83,906.9,137.85,4149.5,1328.45,3559.95,3851.25,9852.4,511.6
72,3207.2,1267.85,6754.1,2976.4,1096.85,8083.3,6646.5,1579.7,181.6,1115.85,311.83,5010.65,1425.35,466.35,1251.67,3901.55,2079.8,1671.5,1384.05,585.35,4814.05,507.8,2387.95,1022.7,1481.5,1666.2,411.55,813.25,1748.95,3309.0,1657.05,11028.0,2487.0,328.0,268.85,273.65,1481.38,743.4,1453.7,2393.3,1520.4,1121.66,918.3,141.2,4100.1,1292.9,3585.55,3921.0,9787.8,514.5
73,3193.8,1267.05,6627.6,3016.55,1072.2,8123.05,6619.4,1569.4,185.95,1120.7,326.38,4950.55,1422.35,476.85,1250.53,3916.55,2084.8,1662.55,1414.05,585.1,4816.95,513.2,2350.85,1016.65,1476.95,1676.35,403.9,812.35,1739.25,3300.3,1765.05,11090.2,2453.55,339.25,277.3,281.65,1470.6,761.7,1453.35,2437.6,1509.9,1117.51,920.55,141.2,4103.2,1300.35,3622.05,3952.65,9814.3,518.5
74,3223.6,1306.85,6600.55,3007.9,1068.75,8325.05,6619.2,1575.9,188.3,1120.0,327.3,4913.7,1440.7,480.0,1263.43,3928.65,2105.65,1667.45,1419.9,592.45,4894.3,515.7,2375.25,1023.25,1493.65,1701.65,404.6,819.95,1735.25,3386.75,1835.55,11380.4,2487.65,337.75,274.7,274.55,1460.58,754.7,1508.45,2449.4,1509.95,1133.36,938.6,142.3,4128.3,1302.55,3655.4,4024.6,9916.2,543.0
75,3258.8,1307.0,6657.15,2998.1,1062.95,8509.7,6712.8,1620.15,188.75,1142.2,326.27,4925.25,1470.35,461.0,1283.43,3902.85,2168.6,1675.25,1417.1,585.2,4852.6,512.3,2387.15,1043.75,1483.6,1699.75,409.25,820.2,1731.4,3339.85,1848.55,11483.35,2513.25,338.75,274.65,276.35,1474.0,759.25,1488.85,2439.9,1530.1,1140.82,932.6,141.95,4103.8,1310.0,3695.05,4047.15,9902.2,535.95
76,3228.6,1300.5,6759.45,3011.65,1088.6,8295.2,6763.6,1602.85,190.65,1143.95,328.8,4921.15,1451.65,446.5,1275.2,3828.1,2192.25,1663.05,1454.3,587.95,4663.35,511.6,2404.1,1048.75,1504.2,1685.25,406.1,821.2,1762.5,3356.75,1853.65,11446.45,2539.4,345.7,276.6,287.9,1471.03,760.1,1513.55,2416.65,1538.7,1140.23,926.35,141.05,4030.65,1320.55,3686.7,4025.9,9978.95,531.95
77,3223.2,1291.0,6760.15,3001.8,1084.2,8232.25,6688.8,1586.95,188.7,1139.9,316.6,4923.0,1447.3,432.95,1269.83,3836.35,2194.0,1636.3,1439.15,577.45,4534.85,511.8,2407.1,1051.95,1517.25,1655.55,403.35,828.25,1746.1,3296.4,1859.65,11465.85,2543.6,336.1,272.95,280.1,1467.7,771.5,1501.7,2355.95,1543.4,1146.5,921.05,143.9,3991.5,1296.6,3656.35,3894.75,9968.4,521.4
78,3263.05,1310.95,6769.2,3017.4,1100.9,8498.45,6674.95,1592.55,194.75,1135.55,312.95,4956.95,1453.3,445.15,1272.79,3951.4,2201.2,1686.4,1419.55,574.65,4495.15,521.15,2388.1,1062.7,1489.15,1681.35,414.45,828.65,1724.75,3363.75,1910.35,11657.8,2563.15,339.55,274.7,282.6,1481.75,765.9,1509.65,2395.2,1558.05,1145.26,932.3,145.9,4087.1,1328.1,3652.05,3954.0,9961.2,531.05
79,3273.3,1320.7,6774.05,2985.95,1096.8,8436.95,6697.85,1616.55,205.3,1125.75,308.98,4936.35,1466.4,443.9,1288.43,3927.05,2194.4,1665.75,1420.6,580.7,4519.25,518.35,2394.1,1061.3,1480.3,1676.85,411.4,821.0,1724.0,3387.95,1929.95,11535.6,2579.0,337.75,272.2,281.95,1493.63,759.05,1529.15,2445.45,1561.25,1146.05,937.4,145.45,4052.1,1322.25,3691.95,3885.8,10000.9,536.15
80,3327.75,1338.15,6584.0,2868.45,1085.2,8448.0,6643.25,1614.3,204.25,1110.05,313.58,4901.9,1469.85,442.3,1288.15,3952.95,2186.9,1649.8,1422.3,576.35,4496.1,505.05,2404.25,1054.2,1466.5,1660.15,409.2,808.75,1706.3,3470.15,1929.8,11467.0,2583.9,337.6,269.85,287.8,1487.33,758.9,1549.15,2485.15,1556.95,1162.65,936.95,142.65,4001.05,1298.25,3622.5,3844.6,9930.05,532.9
81,3302.3,1329.45,6620.6,2859.55,1079.05,8463.5,6556.25,1600.6,205.35,1127.5,312.52,4904.35,1487.45,441.4,1289.92,4002.75,2204.8,1658.8,1420.15,581.6,4430.05,509.65,2405.3,1060.2,1493.05,1663.6,411.15,818.95,1706.75,3506.45,1950.6,11500.65,2598.7,336.1,269.35,292.5,1485.65,749.85,1542.7,2372.4,1582.75,1169.07,962.7,144.2,4104.4,1296.05,3653.85,3937.5,9951.1,531.45
82,3219.0,1299.5,6362.35,2794.35,1074.2,8188.65,6498.7,1584.5,205.65,1128.75,304.65,4887.8,1477.0,434.2,1285.61,3863.75,2186.0,1651.9,1409.4,580.6,4375.05,504.4,2421.55,1046.2,1449.2,1671.25,408.3,798.6,1683.6,3470.2,1901.65,11152.8,2570.9,333.3,265.75,279.55,1455.63,742.5,1540.2,2348.8,1573.85,1153.61,958.05,140.75,4118.95,1285.85,3594.7,3924.8,9804.95,517.7
83,3285.4,1320.5,6101.6,2821.9,1075.1,7909.35,6495.35,1593.8,205.1,1123.35,301.93,4965.2,1480.35,436.7,1284.85,3792.4,2191.4,1663.85,1403.4,582.0,4426.5,503.85,2412.3,1052.2,1474.9,1673.9,406.3,800.1,1689.45,3477.55,1932.4,11288.35,2596.2,335.6,264.6,282.85,1460.8,748.1,1552.55,2438.6,1577.95,1175.44,950.2,140.85,4095.1,1273.85,3624.4,3881.8,9892.4,518.6
84,3318.75,1322.1,6085.4,2831.75,1099.25,8040.05,6571.45,1613.4,205.6,1128.7,311.65,4927.7,1470.9,446.35,1238.71,3843.55,2254.9,1644.1,1430.75,589.95,4507.1,519.1,2409.7,1086.9,1526.65,1654.7,409.5,836.2,1727.7,3633.5,1972.95,11620.95,2601.45,343.5,270.55,287.7,1492.13,769.15,1542.15,2450.45,1559.25,1186.26,977.4,149.95,4094.35,1271.8,3765.9,3901.25,10135.5,519.1
85,3333.25,1338.3,6133.3,2849.8,1096.7,8041.3,6584.35,1610.15,206.75,1131.1,312.6,4922.55,1482.3,448.5,1247.78,3860.35,2245.75,1646.3,1430.75,592.3,4581.45,522.85,2416.2,1084.65,1526.0,1656.3,412.05,844.95,1723.7,3655.25,1960.1,11567.2,2594.9,341.75,271.9,286.85,1491.08,773.3,1546.8,2457.15,1550.55,1192.43,988.35,155.25,4107.1,1272.5,3764.1,3909.6,10106.35,522.85
86,3317.15,1342.6,6033.3,2831.75,1106.75,8207.3,6602.45,1619.3,209.6,1133.5,320.23,4838.9,1471.5,455.4,1267.02,3751.45,2234.15,1637.95,1432.7,610.3,4611.7,524.95,2422.0,1092.35,1531.3,1637.2,409.1,824.3,1727.2,3644.45,1921.05,11594.15,2589.1,353.85,279.2,294.65,1507.4,772.05,1517.95,2446.5,1552.1,1188.48,987.2,153.1,4080.7,1280.05,3732.4,3919.8,9978.4,520.5
87,3310.2,1338.3,6061.1,2820.4,1100.8,8351.75,6324.25,1550.5,210.75,1168.9,322.55,4825.65,1473.45,460.65,1260.66,3791.9,2231.5,1619.35,1440.85,607.7,4590.0,522.1,2399.85,1088.05,1542.45,1606.5,406.15,819.3,1715.7,3612.6,1939.25,11670.6,2538.65,358.25,283.75,295.0,1500.2,783.95,1491.25,2431.5,1574.2,1185.86,1021.9,151.85,4012.1,1272.5,3750.75,3852.3,9838.35,513.3
88,3233.95,1324.8,6054.3,2827.3,1125.0,8605.8,6311.25,1554.6,210.45,1193.7,319.18,4880.75,1485.25,461.6,1262.93,3793.2,2236.5,1644.2,1442.6,613.95,4635.3,526.95,2400.8,1097.1,1554.55,1617.55,407.85,812.9,1759.75,3642.2,1970.65,11567.05,2533.05,351.95,280.25,293.7,1503.0,783.9,1520.4,2374.6,1604.0,1205.07,1017.65,151.6,4064.3,1271.0,3810.75,3872.0,9641.05,513.15
89,3226.55,1325.45,6048.8,2870.55,1111.45,8879.05,6421.05,1582.8,215.2,1199.7,312.35,4889.15,1483.15,458.6,1264.83,3785.25,2228.1,1637.65,1446.1,621.95,4652.9,536.7,2419.55,1087.95,1563.75,1616.45,413.55,830.0,1748.05,3676.95,1897.55,11510.05,2560.95,352.2,278.1,292.65,1478.93,788.05,1510.4,2449.55,1605.7,1246.06,1039.3,157.25,4108.6,1288.15,3786.9,3952.2,9673.15,515.5
90,3207.35,1326.95,6204.7,2876.85,1105.1,8659.4,6433.75,1598.8,212.55,1196.6,313.2,4937.4,1504.1,453.9,1277.49,3783.9,2236.8,1638.65,1427.8,620.85,4671.7,533.7,2389.85,1078.7,1541.05,1600.6,409.4,829.8,1729.65,3640.6,1894.35,11395.55,2611.5,347.95,274.0,285.55,1466.6,773.7,1532.1,2480.95,1593.6,1205.66,1028.0,153.45,4122.35,1289.0,3750.15,4004.7,9697.9,514.55
91,3122.5,1301.3,6144.8,2876.15,1097.0,8527.7,6436.05,1593.55,204.25,1204.25,312.73,4869.15,1465.75,449.3,1260.43,3810.75,2184.0,1635.6,1459.55,621.55,4658.9,528.95,2378.15,1076.85,1533.05,1612.95,404.45,817.8,1720.35,3621.65,1895.15,11509.9,2590.15,344.75,270.4,285.15,1475.43,759.7,1516.4,2421.75,1584.3,1200.28,1016.5,152.5,4192.25,1292.3,3748.8,4008.6,9615.5,510.85
92,2906.2,1209.55,6008.4,2860.15,1080.4,8384.9,6456.15,1573.15,190.3,1168.75,298.88,4856.65,1471.25,417.05,1260.76,3735.55,2149.1,1631.5,1460.4,610.05,4512.1,507.0,2312.6,1083.95,1502.65,1611.4,422.45,792.95,1729.55,3538.55,1853.7,11390.15,2582.95,322.5,255.35,264.3,1432.18,747.25,1487.35,2321.4,1558.6,1164.48,973.2,143.65,4149.0,1277.2,3625.7,3944.05,9593.55,504.4
93,3087.45,1267.85,6023.15,2892.25,1058.25,8383.55,6397.45,1563.7,195.25,1194.6,304.38,4938.9,1496.65,427.7,1258.92,3772.65,2196.5,1679.25,1455.45,622.25,4675.3,525.25,2334.6,1083.6,1476.75,1653.3,419.65,785.45,1742.4,3608.2,1890.55,11404.6,2612.75,321.85,263.25,266.35,1431.48,741.05,1505.85,2291.5,1570.2,1183.64,967.75,142.45,4207.6,1293.35,3640.15,4081.1,9696.95,517.95
94,3132.2,1283.0,5983.2,2867.55,1046.4,8350.7,6514.35,1571.45,188.85,1220.0,293.23,4974.2,1488.05,415.25,1256.98,3745.65,2197.1,1647.3,1452.65,632.35,4585.3,532.55,2327.7,1080.35,1484.35,1634.0,419.1,780.65,1738.3,3537.15,1799.5,11476.65,2603.65,316.3,258.75,265.95,1418.23,731.9,1500.0,2266.8,1548.2,1197.27,945.85,141.7,4219.25,1282.2,3633.2,4063.9,9632.95,517.0
95,3111.75,1266.6,6136.55,2846.5,1061.35,8521.8,6504.65,1577.05,189.9,1225.3,291.15,4980.0,1488.45,421.85,1268.21,3699.7,2203.1,1643.4,1446.05,634.1,4554.2,531.15,2299.95,1081.2,1480.7,1602.65,417.45,804.4,1737.9,3561.2,1856.05,11636.3,2580.35,317.15,261.6,264.9,1439.48,730.95,1489.7,2308.95,1571.25,1172.38,972.45,149.7,4152.5,1272.65,3579.7,4071.05,9611.35,510.2
96,3052.7,1241.2,6113.2,2815.1,1050.8,8640.2,6596.25,1581.5,185.4,1228.35,278.85,4816.95,1435.7,419.05,1226.98,3716.85,2173.8,1599.15,1449.35,632.5,4541.75,533.65,2266.95,1083.95,1434.1,1561.45,409.55,801.05,1749.65,3501.7,1843.9,11597.05,2496.05,313.45,259.25,259.0,1425.25,723.8,1461.35,2287.0,1548.45,1132.18,957.75,148.75,3977.3,1252.25,3583.4,3955.65,9453.25,494.85
97,3051.45,1245.4,6174.05,2824.9,1034.75,8635.6,6649.5,1584.7,187.45,1231.8,283.33,4802.9,1417.4,419.5,1220.66,3873.6,2167.5,1587.1,1431.05,626.4,4510.45,527.85,2241.95,1084.5,1441.55,1554.95,415.7,794.65,1765.4,3509.7,1844.4,11941.15,2550.25,313.65,263.85,264.65,1443.75,736.25,1458.4,2314.2,1549.35,1110.25,940.45,145.65,3970.9,1264.3,3590.5,3965.05,9484.55,493.5
98,3066.5,1262.45,6182.5,2821.15,1035.6,8750.6,6715.75,1602.6,196.85,1220.8,293.9,4806.7,1448.7,432.05,1225.64,3918.95,2205.55,1595.8,1445.75,622.25,4519.9,539.7,2242.35,1081.8,1484.1,1554.7,421.25,812.35,1772.15,3560.0,1865.85,11908.15,2553.65,325.0,262.95,273.75,1450.98,744.3,1468.05,2310.8,1565.2,1120.03,964.9,150.1,3972.95,1282.75,3627.55,4001.85,9600.75,500.45
99,3107.7,1281.6,6375.9,2841.5,1033.3,8945.25,6760.9,1587.55,197.5,1236.1,296.4,4865.0,1481.25,431.95,1240.64,3988.4,2223.55,1557.85,1442.85,623.85,4684.0,547.75,2256.55,1090.3,1512.1,1508.85,428.6,824.8,1776.4,3617.8,1878.8,12337.7,2573.4,324.75,263.25,275.75,1455.03,746.7,1501.1,2330.7,1608.9,1108.97,979.8,151.8,3910.9,1262.65,3706.7,3948.6,9681.75,487.1
100,3109.95,1304.2,6322.45,2814.65,1040.55,8960.55,6910.1,1593.9,199.4,1213.1,299.93,4961.45,1472.25,435.95,1226.97,3911.1,2240.05,1562.25,1425.4,626.9,4671.15,558.65,2240.0,1083.7,1518.7,1492.65,427.65,821.9,1753.7,3670.1,1863.95,12250.55,2586.1,329.1,265.5,270.05,1441.58,740.05,1486.4,2372.55,1598.1,1098.89,986.2,152.4,3877.5,1254.35,3698.2,3881.75,9600.7,479.85
101,3122.1,1322.8,6231.45,2830.5,1052.85,9162.5,7022.75,1582.65,199.45,1224.8,297.6,4920.2,1463.35,429.45,1208.82,3913.8,2207.35,1546.2,1440.7,626.35,4572.55,557.65,2239.7,1083.75,1533.55,1483.85,428.0,818.05,1775.6,3706.4,1881.15,12510.35,2566.45,331.6,261.75,270.25,1492.85,733.3,1479.55,2386.35,1604.15,1077.66,978.65,152.7,3840.9,1253.8,3759.4,3875.2,9623.45,472.3
102,3197.1,1341.85,6356.8,2846.75,1047.2,9148.15,7245.25,1643.85,201.5,1228.6,301.2,4911.25,1496.95,434.1,1231.58,4019.3,2287.3,1543.55,1447.9,633.35,4722.3,560.25,2264.35,1093.3,1553.0,1498.05,428.35,830.2,1785.5,3763.9,1921.35,12600.35,2622.35,335.8,268.05,276.9,1485.85,752.35,1500.25,2359.8,1620.55,1082.74,992.8,155.85,3876.3,1248.1,3801.8,3948.0,9749.15,480.1
103,3252.1,1375.9,6457.25,2871.0,1053.1,9042.15,7250.95,1646.0,211.1,1217.35,300.35,4895.2,1498.65,442.05,1250.07,3946.65,2292.55,1556.7,1470.5,634.75,4680.75,568.6,2285.9,1099.65,1542.4,1495.45,426.7,871.95,1790.7,3838.0,1915.95,12569.6,2585.6,342.35,269.9,280.15,1484.78,758.3,1489.95,2431.75,1629.25,1073.56,992.25,163.15,3916.75,1244.55,3738.4,3886.8,9954.4,484.95
104,3268.75,1404.15,6419.75,2874.2,1047.2,9276.1,7207.4,1656.55,221.0,1208.25,307.9,4899.95,1489.4,443.2,1247.51,3922.2,2306.3,1528.3,1480.15,631.9,4560.8,571.2,2286.7,1081.2,1559.4,1482.85,425.85,879.25,1757.4,3807.4,1971.95,12552.45,2623.3,344.8,272.5,279.55,1486.95,766.4,1470.6,2465.95,1622.25,1117.26,1004.65,164.65,3883.8,1236.8,3755.95,3891.9,10038.15,481.2
105,3233.45,1397.2,6375.05,2869.35,1063.25,9080.45,7309.25,1640.35,221.5,1225.7,305.48,4834.6,1471.5,445.5,1224.88,3934.2,2305.45,1535.85,1482.3,624.1,4557.2,576.6,2265.2,1077.2,1542.65,1480.65,425.2,869.0,1731.15,3782.45,1989.3,12427.85,2553.95,351.25,275.35,280.1,1471.6,771.05,1460.8,2556.45,1619.85,1105.76,1009.15,163.65,3947.3,1255.15,3712.5,3922.85,10001.9,483.2
106,3210.8,1366.85,6440.6,2918.3,1062.95,9146.15,7283.4,1655.8,220.3,1206.85,299.25,4813.6,1459.55,448.85,1228.5,4014.3,2277.85,1539.65,1527.6,622.4,4522.95,577.75,2264.95,1078.85,1544.45,1486.7,422.75,862.5,1749.15,3797.85,2002.7,12567.25,2549.6,354.65,269.0,277.65,1462.93,759.3,1463.75,2499.3,1619.35,1104.22,1011.6,163.4,4003.3,1279.25,3782.75,4003.2,10005.1,487.4
107,3224.8,1375.55,6397.75,2883.45,1059.1,9009.5,7175.65,1677.95,224.5,1191.0,295.23,4813.05,1449.4,446.95,1235.86,4031.25,2237.55,1545.25,1549.55,629.4,4524.9,570.05,2266.95,1083.4,1552.4,1479.1,427.55,857.1,1785.15,3743.1,2013.3,12421.6,2537.65,354.55,267.95,278.4,1460.1,764.75,1485.3,2518.85,1609.0,1101.85,1007.1,163.35,3979.25,1263.4,3754.45,3932.6,9823.6,485.05
108,3224.55,1348.65,6307.75,2892.0,1076.05,9030.5,7178.55,1689.15,223.55,1204.7,295.98,4826.8,1462.45,447.4,1234.91,4205.75,2280.8,1540.05,1546.6,634.6,4595.1,576.8,2268.95,1087.15,1568.35,1476.7,429.1,876.45,1788.4,3807.85,2078.1,12865.1,2498.05,363.5,270.4,281.75,1485.98,768.3,1518.8,2569.2,1599.7,1123.39,1013.2,165.2,3972.55,1265.15,3748.9,3931.85,9863.75,479.9
109,3198.45,1356.5,6505.05,2857.15,1080.0,8978.9,7193.6,1710.4,228.15,1204.45,292.88,4794.7,1450.3,439.85,1233.58,4248.65,2301.3,1540.5,1548.55,633.95,4521.7,588.6,2264.15,1107.05,1554.95,1494.85,426.35,874.6,1780.6,3785.25,2090.9,12888.0,2502.8,362.9,268.95,281.2,1463.65,764.2,1510.55,2550.4,1602.55,1111.78,1008.5,166.0,3946.55,1251.4,3679.35,3902.35,9769.15,475.8
110,3242.0,1352.3,6489.85,2896.75,1087.8,9005.55,7230.25,1704.1,228.75,1229.4,302.38,4808.7,1422.95,456.35,1231.58,4315.1,2306.35,1539.15,1536.35,621.5,4494.9,603.05,2260.9,1109.4,1552.85,1506.8,436.95,883.95,1825.95,3753.2,2076.2,12682.75,2527.6,362.5,272.0,282.55,1479.58,779.05,1503.35,2528.05,1604.05,1131.24,1013.5,165.05,3984.65,1266.3,3711.2,4021.15,9817.85,477.3
111,3209.9,1344.2,6406.55,2854.5,1073.45,9064.85,7229.55,1698.65,233.5,1225.55,300.6,4751.75,1396.8,455.6,1216.77,4302.25,2254.05,1521.5,1518.95,618.5,4440.8,598.65,2232.3,1104.4,1555.65,1484.75,430.1,866.45,1813.05,3679.25,2070.95,12266.55,2536.2,361.75,265.7,275.25,1467.15,766.3,1493.15,2485.6,1540.0,1135.34,1018.5,163.5,4001.4,1242.1,3619.3,4053.85,9652.55,470.75
112,3147.45,1315.55,6303.15,2844.4,1057.95,8997.05,7076.25,1656.85,234.45,1224.55,294.77,4761.9,1381.4,451.0,1202.17,4219.35,2237.4,1505.05,1494.7,612.95,4381.2,612.7,2194.05,1078.35,1539.9,1468.15,425.9,860.45,1798.15,3600.8,2053.45,12422.85,2553.65,361.15,279.85,274.05,1464.83,757.5,1466.9,2414.65,1540.05,1116.77,998.8,160.85,3941.2,1218.75,3600.6,3969.2,9506.25,459.35
113,3106.4,1304.35,6334.75,2830.0,1051.9,8919.15,6954.25,1618.5,233.45,1216.45,296.15,4740.7,1375.2,453.2,1210.07,4355.7,2242.95,1477.3,1509.25,604.6,4322.9,608.85,2220.8,1067.05,1490.95,1414.45,425.9,845.25,1792.6,3543.45,2031.3,12502.7,2546.1,359.25,283.15,274.25,1465.75,751.7,1462.75,2400.75,1537.55,1121.71,992.8,160.05,3872.8,1195.8,3645.9,3988.2,9463.8,448.35
114,3019.3,1295.55,6074.15,2807.7,1024.0,9021.3,6893.2,1593.9,231.15,1265.75,294.8,4695.0,1347.3,438.6,1191.43,4351.2,2226.05,1466.85,1494.7,605.65,4251.3,612.8,2214.8,1055.45,1474.4,1419.25,418.85,844.8,1786.75,3550.95,2024.95,12405.0,2462.55,351.15,274.15,280.1,1464.33,744.8,1456.95,2371.45,1516.4,1120.62,971.35,160.05,3862.0,1179.65,3525.1,4087.1,9382.75,444.35
115,3026.95,1310.0,6169.55,2808.55,1029.1,8804.5,7119.5,1619.0,233.3,1289.0,292.9,4668.3,1345.75,435.3,1188.57,4344.15,2273.15,1447.5,1531.3,601.55,4213.7,614.75,2231.6,1067.25,1482.05,1411.25,424.75,864.8,1792.65,3518.35,2082.9,12710.95,2437.7,350.55,275.25,281.65,1470.13,750.45,1447.55,2366.55,1522.8,1124.13,963.2,162.1,3826.2,1193.65,3563.05,4158.95,9363.95,452.75
116,3063.35,1321.1,6238.55,2841.85,1053.95,8795.75,7292.2,1629.45,233.3,1297.55,301.73,4753.3,1354.85,442.95,1203.22,4466.95,2280.55,1465.9,1512.2,605.95,4311.9,618.55,2241.5,1086.65,1477.5,1432.75,425.3,854.8,1809.95,3612.7,2090.65,12785.5,2458.7,342.9,276.8,283.65,1479.85,766.1,1475.4,2424.65,1540.1,1156.57,973.55,161.85,3864.6,1208.05,3596.75,4168.6,9565.25,462.0
117,3065.1,1322.1,6194.9,2874.9,1055.75,8795.8,7259.9,1621.1,234.35,1342.35,296.5,4797.8,1346.7,440.95,1190.42,4520.15,2370.15,1486.65,1507.6,601.15,4345.05,611.8,2262.75,1090.25,1474.5,1442.4,429.2,851.35,1813.05,3610.15,2062.6,12996.25,2501.25,347.15,276.8,285.35,1459.33,773.0,1469.85,2426.95,1484.65,1158.94,986.75,161.15,3874.7,1200.25,3633.0,4158.3,9533.55,462.1
118,3043.55,1320.5,6283.35,2867.75,1063.25,8697.1,7329.15,1630.35,236.5,1336.4,296.68,4828.95,1398.2,443.85,1190.16,4530.7,2337.75,1479.25,1511.7,594.2,4393.35,636.1,2260.25,1096.75,1474.65,1430.75,428.9,882.7,1842.8,3634.85,2058.45,12944.05,2500.15,351.65,279.35,290.4,1450.18,773.1,1460.05,2461.05,1485.75,1096.52,991.65,165.55,3831.05,1185.7,3609.75,4221.75,9658.85,459.9
119,3115.25,1330.55,6384.1,2861.45,1127.0,8734.9,7294.9,1655.55,237.6,1338.7,301.7,4844.15,1406.2,452.45,1243.75,4615.2,2367.45,1504.15,1510.75,594.7,4498.3,646.8,2230.85,1113.75,1496.1,1438.45,437.55,905.8,1642.45,3652.3,2096.85,12922.5,2562.65,359.2,281.95,293.3,1459.98,812.7,1444.45,2491.85,1520.15,1092.67,1001.25,167.7,3852.2,1190.3,3571.1,4323.15,9683.75,461.0
120,3080.4,1324.6,6258.6,2844.15,1130.3,8974.3,6731.2,1597.35,238.95,1326.0,304.73,4800.45,1409.15,455.8,1250.42,4601.0,2342.45,1473.85,1509.8,587.85,4491.6,649.3,2222.65,1107.9,1446.4,1430.25,440.0,887.25,1608.5,3605.2,2044.9,12703.35,2482.75,356.0,282.9,292.25,1452.55,801.3,1415.25,2498.6,1506.55,1089.11,999.5,165.8,3821.35,1278.75,3584.8,4304.85,9700.9,464.6
121,3081.2,1317.25,5968.35,2868.2,1159.25,8760.1,6826.6,1595.65,235.4,1332.45,309.4,4799.85,1408.0,453.25,1259.42,4571.85,2386.6,1387.4,1529.5,575.1,4457.7,650.05,2226.1,1160.15,1487.25,1434.75,438.2,895.75,1640.4,3634.3,2062.05,12689.85,2509.8,363.0,283.2,293.7,1465.03,826.5,1422.35,2492.2,1521.6,1085.01,1000.6,167.4,3870.2,1288.3,3604.85,4314.1,9964.45,462.95
122,3054.7,1324.9,5947.1,2875.9,1165.9,8903.65,6923.55,1615.0,233.75,1322.3,303.68,4775.95,1400.0,454.3,1240.86,4597.4,2411.65,1366.6,1520.1,583.65,4543.05,644.4,2230.45,1150.4,1515.7,1420.55,435.65,882.2,1623.95,3594.3,2156.35,12817.5,2507.4,363.2,282.85,301.85,1467.0,826.25,1436.55,2551.7,1502.1,1094.74,1007.9,165.0,3820.65,1263.5,3589.25,4409.9,9971.85,462.4
123,3039.6,1338.8,5958.55,2975.4,1149.85,9110.65,6882.7,1615.45,234.75,1304.05,317.33,4759.65,1420.05,453.9,1257.5,4602.4,2437.35,1360.7,1532.25,576.35,4561.5,641.45,2226.3,1139.45,1505.2,1414.45,439.0,890.35,1575.65,3599.5,2185.15,12805.35,2512.3,369.05,282.8,313.6,1466.55,830.05,1460.9,2582.1,1519.0,1077.75,1027.8,167.35,3863.3,1266.9,3568.45,4646.7,9983.45,457.4
124,2993.25,1320.3,6009.6,2929.75,1141.5,9105.6,6931.5,1627.3,234.1,1277.4,314.93,4744.6,1424.75,474.6,1269.91,4599.25,2481.35,1348.05,1519.6,565.9,4552.75,647.1,2217.05,1142.05,1483.7,1416.3,436.45,874.2,1546.7,3499.8,2193.0,12492.15,2456.1,364.95,286.1,310.85,1434.0,831.45,1443.25,2588.55,1511.15,1080.87,1013.4,166.5,3843.4,1250.45,3533.9,4523.65,9816.3,457.35
125,2874.65,1289.95,6056.7,2932.15,1143.65,9052.55,6859.85,1611.35,231.85,1283.4,305.13,5061.6,1423.4,460.6,1258.69,4599.0,2453.3,1358.8,1522.65,555.05,4509.75,638.8,2256.2,1146.3,1497.5,1425.9,434.75,880.65,1624.3,3463.3,2224.95,12439.3,2457.4,356.8,282.15,306.85,1419.53,807.8,1440.6,2547.55,1529.15,1084.67,1016.2,167.6,3921.05,1262.25,3280.15,4509.05,9776.9,458.65
126,2835.95,1287.65,5900.25,2913.0,1127.7,8677.9,6872.55,1615.15,227.4,1286.15,302.15,5173.85,1387.2,456.0,1251.52,4622.4,2421.0,1330.95,1506.15,552.35,4476.75,620.2,2379.4,1131.9,1452.55,1440.95,440.35,857.35,1643.9,3427.75,2191.5,12364.05,2508.65,349.15,273.6,295.25,1401.48,801.9,1450.15,2485.8,1515.35,1085.9,988.55,164.25,3978.95,1292.45,3270.9,4503.95,9682.4,463.9
127,2860.55,1277.25,5846.5,2843.3,1128.65,8749.4,6799.45,1603.05,231.6,1288.6,310.15,5228.4,1384.75,464.45,1211.27,4600.1,2377.35,1313.65,1482.65,550.45,4613.9,633.5,2341.05,1123.0,1442.5,1427.3,441.0,864.65,1648.35,3486.85,2182.4,12543.55,2539.0,355.45,276.85,302.0,1418.55,810.8,1426.75,2448.0,1521.75,1101.36,1012.1,166.05,3976.95,1287.0,3259.85,4498.6,9519.4,463.2
128,2766.65,1244.55,5806.4,2710.1,1115.65,8846.85,6605.15,1564.6,226.2,1275.45,296.08,5070.1,1358.8,443.5,1175.47,4568.05,2353.7,1320.05,1447.5,539.55,4764.9,619.4,2325.65,1115.7,1401.45,1439.55,425.1,834.55,1643.1,3275.45,2212.55,12504.65,2513.45,346.05,265.25,296.15,1394.13,819.8,1422.4,2360.9,1494.65,1071.73,1030.3,161.9,3960.2,1269.1,3245.7,4407.95,9446.1,455.9
129,2797.25,1266.75,5842.45,2771.25,1120.1,8981.8,6684.15,1572.7,227.1,1301.15,309.33,5066.8,1339.55,449.4,1184.2,4657.85,2377.15,1316.2,1437.9,548.55,4877.4,625.6,2362.55,1117.05,1410.15,1424.9,433.35,853.6,1627.95,3271.45,2193.05,12675.5,2533.2,355.5,270.25,303.75,1407.43,817.35,1431.95,2344.35,1506.55,1077.56,1046.65,162.25,3893.9,1264.4,3289.85,4471.4,9491.7,451.85
130,2879.6,1306.4,5830.15,2879.25,1132.0,8992.3,6718.75,1580.55,224.75,1285.95,303.45,5130.55,1414.65,444.0,1181.71,4657.45,2385.2,1312.9,1455.25,559.65,4885.55,633.5,2360.65,1128.0,1404.55,1423.45,431.85,860.6,1641.2,3293.85,2184.25,12673.85,2516.25,350.9,266.9,306.55,1402.7,808.8,1425.1,2301.8,1525.05,1083.48,959.75,163.85,3947.8,1262.05,3253.65,4465.7,9551.5,451.95
131,3037.55,1331.25,5862.8,2866.15,1122.85,9065.25,6675.7,1576.45,230.95,1284.3,302.98,5140.8,1357.35,448.7,1173.76,4730.55,2372.05,1321.05,1460.95,561.55,5043.45,646.65,2349.6,1120.55,1421.0,1424.7,429.7,881.5,1646.3,3379.45,2269.9,12814.2,2487.35,355.8,272.9,309.25,1420.08,818.2,1432.85,2330.35,1545.25,1072.12,964.65,164.95,3901.2,1275.5,3288.9,4540.35,9660.65,456.35
132,3049.75,1337.85,5848.8,2813.7,1128.05,8903.15,6680.0,1569.05,232.85,1309.9,312.52,5064.0,1406.7,467.85,1175.0,4649.35,2369.7,1332.9,1438.5,555.95,5057.3,653.7,2323.3,1124.35,1417.1,1419.95,427.8,870.95,1650.8,3411.3,2302.3,12767.3,2465.0,361.35,273.45,314.85,1416.28,820.3,1430.1,2320.0,1527.4,1055.78,947.3,165.6,3880.4,1274.5,3268.55,4527.0,9614.1,458.3
133,3041.65,1345.05,5931.7,2814.05,1139.3,8871.85,6747.15,1596.0,237.9,1345.1,309.38,5137.75,1421.1,468.3,1170.08,4681.75,2372.6,1348.15,1460.25,567.05,5141.35,653.35,2343.15,1131.05,1408.75,1453.35,431.45,886.4,1672.05,3460.6,2371.75,12497.65,2468.35,361.45,277.65,312.5,1425.35,811.95,1452.2,2338.7,1536.3,1086.25,936.4,165.9,3900.95,1307.95,3333.9,4596.65,9709.1,464.45
134,3060.5,1335.7,5953.05,2809.9,1141.35,8780.7,6727.4,1584.75,248.2,1344.45,314.15,5086.8,1399.05,470.25,1159.91,4693.9,2423.65,1333.2,1464.1,570.2,5089.2,655.45,2320.35,1130.5,1412.35,1444.3,436.3,907.45,1696.55,3450.75,2514.6,12641.5,2445.5,365.45,277.45,313.15,1435.7,817.85,1434.2,2371.6,1531.4,1081.75,945.7,167.35,3834.1,1305.4,3361.15,4634.55,9890.35,461.0
135,3059.75,1340.2,5953.95,2816.35,1143.75,8813.85,6738.0,1587.5,258.8,1347.75,314.5,5096.05,1404.05,469.7,1162.32,4684.4,2434.35,1338.9,1466.05,569.4,5109.85,660.35,2327.15,1130.75,1417.3,1443.65,436.65,890.8,1696.95,3464.2,2503.7,12600.15,2504.4,366.3,279.0,316.9,1434.83,821.0,1439.85,2370.45,1531.9,1081.75,953.95,167.9,3851.45,1305.65,3362.55,4643.0,9865.6,462.55
136,3117.5,1385.5,5948.25,2851.8,1137.65,8820.7,6742.85,1582.55,274.15,1344.3,322.0,5178.1,1442.3,490.65,1155.96,4672.95,2446.65,1341.9,1458.8,565.6,5053.85,693.6,2310.7,1120.95,1406.5,1434.15,434.8,923.45,1698.25,3440.95,2522.65,12473.3,2460.8,372.0,280.1,325.65,1436.13,830.65,1429.65,2373.25,1540.95,1080.52,951.3,174.35,3820.2,1323.9,3377.0,4667.3,9789.4,460.9
137,3140.95,1378.2,5868.15,2885.75,1126.0,8805.55,6744.55,1583.95,283.6,1347.9,320.25,5267.4,1482.3,501.7,1174.55,4695.45,2436.65,1343.05,1459.2,560.4,4995.95,684.55,2366.9,1111.1,1404.95,1454.8,439.9,915.8,1699.55,3460.85,2521.05,12531.35,2469.15,373.85,278.0,325.75,1460.65,818.75,1427.4,2336.75,1539.3,1106.6,947.5,173.3,3832.0,1330.4,3383.85,4646.95,9894.85,461.3
138,3387.3,1443.35,5970.05,2903.75,1165.25,8963.45,6826.65,1608.45,288.5,1374.05,323.73,5281.15,1489.15,497.3,1179.54,4852.85,2453.8,1353.55,1492.6,565.65,5145.2,676.8,2382.5,1134.5,1440.85,1472.4,441.35,917.0,1709.05,3585.4,2609.2,12934.9,2474.15,372.3,283.45,319.9,1486.05,832.1,1446.8,2400.45,1495.1,1104.22,962.35,175.5,3893.45,1337.5,3452.05,4698.55,10170.55,465.8
139,3384.95,1416.1,5914.35,2874.75,1174.0,8948.2,6836.9,1601.7,297.2,1388.5,327.05,5240.7,1486.45,501.0,1173.15,4880.95,2441.0,1345.2,1517.2,565.1,5118.3,673.25,2369.05,1131.95,1441.8,1465.1,436.2,908.65,1703.45,3625.9,2579.75,13000.45,2467.75,374.95,283.25,318.8,1480.25,828.6,1436.25,2397.5,1486.7,1084.77,960.55,174.85,3849.5,1321.75,3412.4,4715.4,10231.1,463.65
140,3289.05,1431.65,5939.3,2872.3,1187.0,8998.7,6895.5,1595.8,294.45,1384.35,328.03,5212.25,1478.65,494.45,1174.54,4793.3,2390.65,1353.3,1527.7,564.25,5083.9,677.85,2384.5,1129.8,1465.1,1471.35,431.5,901.95,1711.0,3652.0,2549.1,12906.1,2459.9,369.65,277.65,317.95,1466.25,833.7,1410.2,2380.0,1466.05,1074.54,958.5,175.5,3847.05,1329.7,3403.4,4682.0,10225.5,452.45
141,3244.05,1400.5,5904.5,2911.2,1183.4,8989.75,6873.05,1599.65,289.1,1371.05,323.25,5250.55,1479.45,487.65,1193.06,4770.95,2440.35,1358.4,1530.5,578.45,5183.95,681.3,2395.95,1126.95,1459.35,1467.05,429.0,907.35,1703.65,3658.2,2552.8,12818.6,2451.7,365.4,274.3,312.8,1456.2,831.15,1450.75,2393.7,1464.9,1082.1,947.55,174.9,3839.9,1315.1,3409.4,4615.9,10178.9,456.05
142,3258.8,1410.0,5903.45,2900.15,1159.75,9070.2,6806.7,1569.9,292.15,1377.1,316.77,5229.8,1493.55,486.45,1200.15,4745.4,2400.6,1353.1,1508.3,561.85,5143.75,705.3,2373.4,1102.0,1460.25,1450.95,430.95,901.9,1687.85,3634.8,2533.65,12788.65,2476.2,364.6,271.85,317.7,1440.78,822.65,1412.8,2374.65,1478.95,1058.15,943.6,174.25,3803.65,1286.45,3380.4,4672.05,10023.4,450.8
143,3194.25,1383.5,5766.45,2883.7,1167.95,8968.5,6616.45,1524.1,290.65,1377.15,312.88,5198.55,1466.6,482.15,1174.75,4742.95,2345.2,1331.85,1514.85,550.75,5136.0,695.15,2351.4,1113.7,1446.8,1427.45,423.85,883.7,1690.1,3634.7,2493.5,12598.0,2404.8,359.7,266.7,306.7,1424.85,825.85,1380.05,2302.7,1459.1,1054.1,923.95,164.15,3736.1,1240.85,3271.85,4651.35,9868.85,436.95
144,3411.35,1437.4,5839.2,2881.2,1162.15,9084.75,6697.7,1528.6,295.95,1372.75,313.9,5179.8,1447.2,491.2,1158.37,4733.45,2316.25,1324.1,1531.55,549.85,5119.6,689.35,2329.05,1121.05,1461.85,1406.9,426.45,880.55,1680.4,3669.3,2506.25,12399.3,2354.9,359.0,264.35,310.0,1430.4,830.35,1386.4,2354.05,1459.8,1047.23,923.0,167.2,3670.95,1228.45,3241.9,4559.15,9915.5,438.2
145,3645.25,1583.95,5851.2,2866.45,1223.9,9335.45,6915.55,1575.8,318.65,1391.1,333.08,5167.8,1452.35,512.35,1156.66,4670.85,2368.8,1314.45,1572.2,550.1,5160.6,695.95,2355.9,1160.0,1529.7,1405.9,430.35,915.3,1718.05,3897.15,2634.0,12476.15,2355.05,391.8,284.1,337.65,1510.33,905.65,1391.5,2509.15,1453.05,1056.02,950.45,174.25,3702.85,1245.35,3261.2,4662.2,10470.05,444.1
146,2941.25,1248.95,5845.7,2857.65,1131.25,9246.75,6509.55,1477.3,255.55,1299.7,290.1,5325.1,1462.55,441.9,1146.16,4495.4,2256.4,1303.55,1483.15,534.45,5310.7,649.05,2496.3,1071.45,1391.5,1393.65,415.2,841.85,1637.95,3403.2,2572.9,12176.05,2427.75,331.25,236.3,295.95,1397.28,775.2,1338.85,2260.7,1429.85,1073.65,903.9,158.95,3715.0,1239.3,3238.95,4538.15,9918.3,438.15
147,3115.35,1354.6,5934.65,2961.75,1184.5,9602.25,6836.65,1517.7,260.35,1344.35,290.55,5486.65,1496.95,460.55,1164.83,4579.0,2304.85,1343.7,1551.8,551.95,5658.5,695.25,2602.75,1108.65,1500.95,1430.1,430.3,878.4,1718.1,3409.0,2740.95,12502.6,2509.85,341.0,247.5,298.8,1420.75,789.75,1390.1,2387.45,1487.3,1128.37,929.95,169.2,3746.45,1266.9,3317.65,4903.8,10038.1,451.5
148,3185.65,1352.95,5962.0,2904.8,1170.95,9701.45,6925.8,1526.45,273.65,1370.6,292.08,5440.45,1477.0,472.95,1178.19,4719.75,2334.75,1397.5,1559.7,555.25,5534.25,677.5,2549.6,1110.4,1481.1,1472.25,435.4,888.1,1734.7,3482.55,2699.85,12673.5,2471.4,349.75,252.3,300.45,1431.6,816.95,1442.85,2474.8,1472.7,1125.91,938.25,172.05,3830.4,1317.45,3321.65,4878.45,10054.95,461.0
149,3219.55,1378.85,6014.55,2927.7,1186.8,9725.55,7191.4,1567.7,283.2,1425.25,299.9,5463.55,1497.25,479.15,1212.26,4762.0,2379.85,1431.5,1573.35,562.95,5581.85,680.35,2577.8,1121.7,1492.1,1533.6,439.15,912.15,1753.7,3532.5,2857.45,12810.9,2502.45,360.6,260.4,309.35,1469.95,829.95,1425.85,2497.95,1506.85,1121.71,970.5,178.9,3893.95,1377.6,3444.05,4964.6,10463.15,484.55
150,3220.1,1384.05,6056.7,2937.55,1200.0,9733.05,7088.85,1565.8,283.4,1426.05,301.3,5488.4,1534.25,477.7,1221.23,4782.75,2446.8,1418.75,1561.3,569.2,5722.2,676.4,2565.35,1123.8,1485.85,1499.75,436.9,915.9,1745.65,3543.75,2807.55,12717.55,2548.2,364.9,259.15,315.8,1471.4,831.8,1432.3,2519.1,1513.1,1119.14,975.15,180.29,3858.7,1340.35,3422.2,4969.45,10826.25,475.25
151,3221.25,1403.45,6107.95,2902.45,1194.6,9812.7,7138.1,1568.25,286.2,1427.25,303.6,5517.75,1530.25,476.35,1207.85,4758.65,2456.9,1428.8,1564.8,571.7,5786.6,672.95,2556.35,1118.2,1481.05,1495.75,433.0,910.1,1720.0,3598.7,2835.55,12863.65,2541.95,367.4,273.55,316.55,1456.68,835.55,1428.05,2533.0,1499.75,1121.66,987.1,181.33,3852.1,1349.45,3410.7,4906.6,10933.55,476.05
152,3219.05,1393.95,6168.6,2905.8,1187.9,9904.25,7217.75,1579.1,290.5,1438.4,306.68,5439.3,1540.95,488.7,1212.01,4850.65,2450.15,1438.75,1574.15,572.7,5790.2,673.9,2528.7,1119.55,1484.25,1485.2,432.3,916.9,1715.75,3630.3,2787.55,12849.35,2537.3,371.3,275.5,324.65,1463.33,839.1,1452.7,2566.95,1506.85,1110.84,988.7,182.23,3831.65,1370.6,3382.3,5028.05,11044.8,476.9
153,3224.8,1404.45,6206.2,2910.0,1174.65,9923.4,7294.95,1590.1,300.9,1425.75,309.68,5379.45,1544.55,487.9,1219.17,4801.5,2458.05,1444.15,1580.75,593.5,5816.0,680.7,2487.4,1107.35,1507.25,1493.95,430.3,915.75,1726.35,3703.65,2861.7,12846.85,2551.75,369.95,276.55,321.45,1465.25,843.9,1449.9,2684.3,1510.8,1100.92,985.85,182.56,3878.15,1388.95,3472.2,5023.85,11173.8,482.6
154,3261.75,1430.7,6207.6,2921.6,1181.05,9961.75,7341.55,1591.75,309.6,1427.4,313.33,5393.65,1564.75,486.95,1217.05,4935.1,2471.2,1431.05,1596.9,598.35,5804.2,683.6,2479.75,1105.65,1502.35,1488.9,431.15,921.15,1717.2,3687.8,2928.6,12845.2,2542.5,368.45,275.4,321.5,1477.55,839.2,1469.9,2732.15,1516.0,1098.79,993.4,183.15,3832.05,1371.45,3530.05,5245.55,11242.8,477.5
155,3309.05,1445.0,6236.35,2918.5,1191.9,9918.2,7334.7,1597.95,318.25,1428.35,315.45,5395.85,1574.8,489.05,1198.25,4936.1,2457.55,1437.2,1607.8,601.2,5754.85,678.75,2486.25,1122.85,1507.9,1498.2,428.75,925.35,1719.4,3689.2,2961.9,12560.95,2550.35,369.65,275.8,331.8,1481.03,844.9,1473.55,2829.75,1520.95,1113.07,985.9,181.12,3815.1,1371.35,3589.0,5357.6,11119.05,491.85
156,3261.9,1448.4,6173.55,2891.7,1226.65,9685.8,7233.95,1594.9,309.3,1392.35,307.9,5360.65,1559.8,477.95,1191.24,4880.75,2447.15,1445.85,1657.85,596.2,5647.7,662.4,2457.0,1144.45,1528.2,1511.35,423.65,914.95,1746.7,3589.95,2933.85,12242.1,2526.05,362.5,271.55,327.3,1458.65,852.6,1449.2,2791.25,1504.0,1092.03,977.35,180.02,3801.7,1381.15,3462.35,5356.8,10995.55,495.75
157,3259.45,1469.4,6175.85,2915.5,1239.5,9632.0,7207.1,1586.0,311.9,1381.15,313.13,5378.45,1544.85,483.15,1194.16,4876.9,2498.8,1443.45,1669.35,590.1,5504.6,676.5,2482.2,1156.8,1527.85,1515.4,423.3,929.65,1766.25,3594.45,2871.2,12149.5,2539.75,357.65,271.85,324.55,1473.7,843.75,1455.5,2805.2,1471.0,1089.71,978.25,182.28,3787.25,1393.1,3435.95,5337.15,10903.2,490.4
158,3189.3,1485.5,6170.0,2890.85,1237.45,9602.25,7134.25,1578.9,304.95,1416.05,307.6,5330.3,1541.55,480.2,1202.29,4845.5,2466.15,1447.85,1665.75,580.95,5452.0,684.5,2441.3,1158.65,1527.15,1532.7,419.6,936.9,1775.65,3535.0,2839.95,12201.5,2498.4,359.8,269.65,325.95,1454.2,836.3,1464.15,2821.65,1467.25,1071.58,961.8,179.94,3810.75,1399.8,3399.75,5266.35,10662.4,490.55
159,3194.6,1460.25,6259.55,2896.05,1228.1,9745.25,7081.85,1587.65,309.75,1419.8,305.25,5297.75,1504.4,473.7,1210.99,4870.9,2515.1,1440.85,1672.4,579.5,5524.45,685.25,2442.2,1170.1,1490.4,1527.15,423.3,935.35,1772.55,3531.6,2915.8,12183.4,2530.05,362.75,269.9,332.95,1441.48,832.7,1452.75,2882.25,1494.5,1088.42,958.05,177.96,3816.8,1401.7,3412.35,5395.75,10786.0,490.55
160,3171.1,1456.15,6295.35,2858.45,1271.45,9659.95,7074.45,1603.35,309.7,1414.95,296.3,5352.05,1499.7,469.25,1215.68,4775.05,2516.95,1447.95,1711.35,590.95,5510.0,685.5,2432.2,1197.95,1495.55,1541.95,423.3,929.9,1781.9,3587.8,2909.4,12116.6,2515.45,360.85,267.0,327.4,1454.15,842.25,1462.0,2989.85,1505.2,1081.16,955.0,175.68,3838.45,1427.75,3402.45,5338.8,10846.2,496.85
161,3170.5,1467.8,6136.8,2863.35,1285.4,9474.65,7158.2,1600.25,306.85,1459.5,298.4,5421.7,1479.1,468.75,1214.01,4739.7,2552.25,1443.7,1701.5,589.05,5453.0,674.7,2445.6,1218.0,1497.9,1540.7,423.95,919.2,1798.15,3602.95,2851.5,12198.25,2534.25,365.05,267.75,326.7,1514.03,845.35,1450.9,2989.05,1521.15,1073.56,951.85,172.56,3855.85,1413.05,3372.75,5363.8,11143.1,495.2
162,3175.15,1485.5,6192.5,2880.85,1288.95,9417.45,7166.75,1603.1,304.5,1475.8,304.85,5430.3,1480.9,467.05,1247.18,4713.8,2637.6,1454.9,1696.15,593.25,5485.2,685.25,2462.15,1219.9,1502.75,1573.35,425.6,943.15,1830.55,3564.4,2888.95,12178.75,2533.75,377.15,267.5,331.55,1530.55,844.0,1463.45,2951.05,1516.25,1072.27,972.1,174.16,3934.15,1432.25,3380.6,5329.0,11716.7,510.8
163,3177.15,1478.1,6185.7,2917.05,1265.25,9501.65,7115.55,1588.15,305.9,1444.05,303.95,5475.55,1480.8,473.15,1280.47,4672.95,2670.45,1459.6,1683.8,595.05,5579.6,693.55,2473.05,1199.6,1464.5,1566.75,424.9,931.5,1802.5,3548.45,2866.65,12033.85,2551.65,378.35,274.2,330.95,1565.4,848.95,1491.95,2911.5,1520.85,1083.98,989.75,174.01,3904.15,1430.35,3404.2,5479.85,11667.9,514.85
164,3183.8,1474.5,6140.5,2927.8,1261.9,9532.4,7276.75,1580.2,307.65,1454.0,304.55,5476.5,1479.1,474.8,1270.74,4635.55,2726.4,1468.85,1705.2,600.75,5603.1,689.85,2505.1,1211.85,1456.9,1590.8,429.05,943.9,1808.1,3526.55,2875.85,12108.65,2568.1,369.75,272.95,329.6,1560.15,841.95,1501.85,2924.25,1520.1,1081.11,1002.05,174.07,3978.2,1472.1,3431.45,5515.65,11904.65,527.35
165,3153.2,1474.85,6097.6,2925.6,1253.4,9401.25,7165.6,1579.75,306.1,1418.95,304.4,5401.65,1488.65,479.1,1274.05,4625.75,2742.95,1480.8,1730.6,589.8,5567.1,694.75,2485.15,1190.6,1429.45,1621.05,425.5,938.25,1769.6,3626.5,2865.15,12042.6,2544.45,370.4,274.85,330.8,1565.18,826.15,1494.9,2824.9,1524.05,1091.43,981.3,174.54,4017.4,1472.15,3399.65,5535.9,11853.95,538.2
166,3190.95,1510.65,6192.7,2925.55,1280.0,9422.4,7258.8,1594.15,314.5,1419.85,306.6,5449.1,1483.75,484.95,1285.18,4692.3,2742.35,1481.0,1768.65,596.15,5579.75,691.65,2510.35,1201.6,1455.5,1627.4,428.3,950.4,1810.7,3614.35,2877.95,12123.65,2551.5,372.65,274.7,335.15,1552.43,839.95,1496.35,2850.45,1533.95,1132.28,975.65,176.37,3965.25,1479.8,3360.25,5494.1,11872.1,539.0
167,3144.25,1503.65,6225.05,2934.9,1280.9,9460.85,7107.05,1585.7,317.35,1423.05,303.0,5426.25,1480.75,489.55,1295.87,4689.5,2734.85,1522.35,1727.15,603.95,5558.35,691.85,2495.95,1233.0,1442.85,1650.65,429.05,944.35,1833.85,3573.3,2902.8,12089.6,2545.15,372.95,277.05,335.0,1554.03,839.3,1507.75,2833.75,1557.9,1121.26,998.2,176.29,4020.95,1459.15,3336.0,5597.45,11760.05,530.7
168,3147.9,1500.45,6328.55,2935.9,1287.05,9635.8,7138.0,1579.6,324.05,1429.7,306.65,5546.8,1509.9,491.5,1304.0,4737.3,2748.0,1519.4,1648.1,607.35,5558.05,699.15,2547.0,1233.4,1434.25,1647.45,433.65,954.05,1852.7,3627.15,2880.6,12104.05,2574.15,379.8,288.2,339.4,1588.63,859.75,1529.4,2865.85,1568.4,1123.44,993.65,174.71,4011.8,1461.35,3269.35,5619.9,11690.15,535.1
169,3113.6,1475.3,6317.45,2898.15,1287.85,9529.4,7098.25,1570.1,334.6,1435.15,299.5,5568.55,1487.05,493.3,1306.83,4754.45,2742.15,1533.4,1635.35,620.9,5501.9,697.2,2587.15,1235.05,1438.05,1661.65,443.6,939.2,1853.2,3632.0,2851.35,12023.6,2603.4,377.45,299.15,339.4,1600.9,856.25,1514.95,2808.1,1556.4,1136.67,1002.6,172.28,3993.2,1467.6,3156.2,5594.25,11582.9,541.2
170,3110.75,1478.0,6320.3,2905.0,1289.4,9534.1,7068.05,1581.6,334.8,1435.55,300.2,5668.85,1512.05,493.8,1316.57,4828.7,2761.8,1531.1,1636.5,623.65,5589.15,707.0,2590.15,1248.25,1434.25,1657.15,452.6,935.3,1847.85,3666.1,2925.5,12827.7,2633.1,377.05,297.45,341.15,1590.28,861.3,1524.75,2792.0,1585.4,1128.18,1014.95,171.8,3985.5,1465.75,3215.15,5592.85,11679.8,541.0
171,3096.0,1487.8,6375.7,2996.45,1291.65,9542.45,7054.95,1582.55,333.85,1445.05,300.35,5755.55,1513.2,490.75,1318.51,4849.15,2802.15,1509.95,1626.1,632.75,5508.75,693.3,2610.45,1243.2,1425.95,1648.25,451.45,925.4,1829.85,3650.05,2732.0,12772.8,2616.45,381.4,298.15,346.05,1584.23,849.0,1558.8,2762.1,1598.55,1136.67,1005.5,167.98,3909.15,1463.35,3225.0,5568.0,11634.25,535.55
172,3078.3,1483.85,6389.05,3022.05,1296.75,9466.8,6950.3,1587.85,335.5,1437.95,306.6,5761.3,1506.0,500.05,1318.95,4828.65,2801.6,1511.9,1621.9,634.25,5526.25,696.3,2608.85,1238.45,1429.75,1652.7,458.65,925.0,1844.5,3621.1,2698.05,12715.2,2593.2,377.1,304.75,342.8,1580.65,856.7,1558.8,2739.0,1581.75,1117.51,1020.8,168.92,3923.7,1460.6,3248.6,5635.25,11554.95,534.1
173,3065.45,1486.7,6353.9,2999.15,1317.3,9430.75,7004.3,1597.25,333.1,1433.25,304.55,5787.05,1512.05,496.2,1343.89,4860.7,2843.75,1560.2,1622.7,635.55,5546.9,692.05,2622.25,1232.9,1434.55,1711.75,459.05,934.4,1832.85,3649.35,2703.95,12562.5,2609.0,377.15,307.1,343.1,1596.73,859.7,1562.85,2794.4,1577.3,1138.1,1016.75,168.69,4183.95,1505.05,3229.85,5651.25,11602.3,560.15
174,3090.4,1495.05,6437.25,2956.5,1307.45,9673.35,7063.75,1602.2,331.4,1437.6,307.75,5809.7,1517.2,497.75,1358.95,4881.35,2803.75,1569.6,1622.1,638.05,5606.35,700.1,2620.3,1229.95,1444.05,1707.05,463.4,931.7,1843.55,3651.6,2731.05,12643.95,2605.1,385.65,322.5,343.85,1597.23,881.35,1613.45,2882.3,1586.2,1134.7,1024.45,166.76,4169.2,1499.05,3224.2,5675.55,11833.65,559.7
175,3109.3,1499.05,6453.7,2974.45,1304.0,9718.35,7059.1,1609.55,326.15,1466.5,315.95,5862.35,1510.4,512.45,1329.21,4916.1,2827.35,1569.55,1619.75,646.75,5578.1,690.8,2688.45,1239.9,1445.9,1726.05,465.55,934.35,1805.3,3636.55,2756.75,12639.55,2607.3,380.45,322.65,342.45,1576.25,880.7,1621.35,2813.5,1579.3,1161.81,1021.15,167.07,4178.45,1516.2,3234.05,5647.3,11658.7,559.7
176,3092.2,1493.9,6520.85,2931.55,1309.4,9626.2,7110.0,1651.25,313.55,1483.65,318.15,5871.5,1506.65,505.25,1333.5,4941.1,2791.8,1594.55,1614.8,648.9,5502.2,689.95,2738.4,1250.3,1456.9,1758.05,470.25,931.45,1826.75,3656.2,2819.45,12644.05,2627.05,377.75,331.7,341.25,1586.68,893.55,1659.8,2867.3,1594.25,1178.75,1024.55,166.36,4315.55,1539.35,3262.1,5308.5,11647.25,573.2
177,3005.7,1469.3,6381.95,2946.05,1292.35,9386.05,6932.3,1640.25,306.3,1461.75,303.8,5877.95,1485.5,488.0,1327.2,4850.7,2743.0,1594.55,1607.3,635.9,5427.7,663.0,2727.0,1248.65,1432.45,1792.95,474.55,889.45,1821.6,3618.5,2749.3,12524.3,2597.85,364.65,319.65,332.2,1555.15,889.35,1647.7,2810.85,1568.65,1173.41,990.0,157.77,4302.4,1491.4,3259.0,5166.35,11258.3,557.2
178,3000.85,1467.35,6402.15,2934.3,1282.5,9409.7,6884.25,1631.15,312.3,1465.4,308.25,5887.85,1490.0,491.2,1354.18,4857.35,2811.55,1577.1,1642.55,637.4,5463.15,672.3,2735.3,1241.15,1423.4,1810.85,466.55,888.55,1757.55,3651.45,2804.75,12641.25,2587.3,373.5,320.8,338.6,1500.68,876.8,1621.15,2827.4,1587.35,1190.01,1003.15,160.32,4287.35,1495.55,3254.45,5210.2,11515.7,505.8
179,2995.35,1507.35,6403.6,2897.1,1263.25,9382.5,6727.1,1618.85,301.45,1465.7,306.0,5944.75,1497.9,487.0,1373.0,4919.55,2823.05,1598.35,1618.4,643.95,5513.55,653.5,2766.35,1226.75,1413.2,1836.9,492.2,893.95,1768.9,3538.05,2821.35,12629.05,2581.55,382.45,314.15,334.25,1487.9,863.9,1594.85,2739.2,1601.6,1241.47,1001.8,160.02,4302.35,1493.4,3466.85,5263.8,11545.8,500.55
180,2970.7,1484.8,6422.6,2912.8,1239.25,9260.2,6607.15,1579.25,300.1,1455.2,314.95,5829.5,1503.5,493.8,1364.03,4915.35,2806.9,1583.7,1604.05,672.8,5417.75,651.6,2717.05,1223.0,1396.65,1833.95,494.05,881.35,1746.2,3519.45,2805.5,12487.25,2541.4,392.6,319.55,337.15,1495.7,852.0,1632.95,2724.25,1619.45,1216.13,1027.7,160.31,4306.25,1533.3,3478.4,5286.85,11453.4,500.1
181,2973.5,1487.0,6385.8,2901.4,1175.9,9278.25,6647.75,1571.95,301.45,1449.15,326.15,5829.6,1500.05,494.0,1370.64,4900.65,2797.55,1587.6,1616.6,683.15,5403.2,646.55,2707.2,1197.9,1379.1,1824.85,489.95,874.5,1775.15,3619.15,2811.4,12509.2,2480.65,392.15,335.8,339.45,1492.4,848.5,1695.4,2679.0,1665.8,1208.58,1090.95,157.39,4322.5,1530.0,3405.8,5309.95,11441.5,506.85
182,3080.5,1542.75,6664.55,2950.15,1177.35,9492.9,6789.75,1586.45,309.9,1514.4,328.8,5872.8,1575.0,509.85,1375.73,5012.5,2843.3,1635.35,1618.15,703.35,5478.9,667.6,2711.05,1207.2,1403.9,1878.9,502.2,900.55,1813.85,3679.9,2887.8,12663.7,2476.9,396.3,331.6,344.2,1509.03,862.45,1750.95,2925.0,1714.25,1213.65,1118.3,162.55,4387.85,1541.15,3494.15,5393.35,11673.05,524.8
183,3089.35,1548.7,6681.65,2954.7,1170.05,9557.65,6812.45,1617.15,321.35,1481.35,337.9,5897.6,1553.95,512.15,1368.01,4962.25,2828.2,1632.35,1605.05,696.85,5424.35,666.85,2711.6,1212.7,1411.5,1871.1,496.05,898.55,1793.9,3774.95,2933.0,12751.55,2470.3,393.9,332.9,342.35,1520.1,871.6,1746.7,2943.0,1723.25,1201.4,1124.0,162.87,4381.1,1525.35,3411.7,5517.4,11873.8,524.4
184,3128.75,1546.25,6641.0,3005.05,1170.0,9564.35,6823.6,1642.65,318.1,1470.35,348.2,5842.2,1528.9,519.35,1360.83,4951.85,2790.9,1630.25,1615.55,697.2,5444.3,660.5,2691.4,1209.45,1429.7,1877.15,489.9,902.1,1786.1,3784.65,2922.1,12873.65,2457.65,406.95,331.9,349.8,1513.15,872.8,1721.05,2912.05,1701.6,1194.9,1161.85,164.07,4365.35,1538.05,3468.25,5620.5,11806.45,521.5
185,3169.4,1569.9,6615.3,3084.45,1166.1,9664.2,6806.95,1651.65,316.05,1491.55,350.05,5784.45,1544.3,522.2,1350.1,4962.7,2776.75,1642.6,1615.75,715.5,5488.45,669.6,2705.65,1214.9,1427.8,1868.25,495.35,928.25,1807.9,3815.0,2907.8,13115.8,2456.35,416.0,334.2,348.2,1505.43,872.4,1753.65,2931.95,1719.35,1188.95,1156.65,165.33,4385.35,1554.4,3458.95,5839.0,11887.2,522.0
186,3217.25,1590.15,6706.4,3099.35,1172.3,9730.5,6771.65,1634.8,311.15,1505.5,349.1,5730.15,1546.2,540.4,1377.59,4968.8,2767.0,1640.55,1638.8,713.6,5371.85,673.5,2715.55,1210.1,1419.85,1852.6,493.7,934.55,1792.65,3779.3,2828.4,13359.05,2484.0,423.45,341.75,361.1,1515.3,862.65,1767.25,2989.25,1715.2,1208.35,1144.4,163.06,4397.1,1544.45,3468.35,5770.8,11984.5,521.55
187,3160.9,1588.0,6710.15,3106.7,1160.85,9616.2,6725.0,1623.45,302.95,1493.8,347.1,5720.35,1528.8,524.5,1392.83,4726.7,2706.8,1609.3,1659.15,707.4,5274.2,648.05,2692.55,1196.55,1404.3,1821.2,489.1,899.55,1803.45,3665.7,2749.65,12726.4,2495.1,419.7,330.1,358.25,1499.33,847.85,1744.9,2992.1,1731.65,1193.65,1096.65,158.22,4283.05,1507.7,3462.35,5538.25,11764.5,502.15
188,3038.2,1493.85,6687.6,3093.4,1133.5,9485.05,6596.7,1567.7,290.25,1465.7,341.7,5697.9,1515.05,506.8,1362.41,4675.75,2612.25,1562.4,1615.75,710.9,5183.9,614.3,2715.9,1172.6,1389.45,1751.9,486.0,863.8,1773.65,3528.0,2678.95,12200.85,2510.9,413.25,310.25,342.8,1447.33,811.65,1722.2,2891.45,1720.35,1199.4,1016.45,149.82,4155.05,1456.35,3375.95,5346.9,11417.25,485.0
189,3072.7,1494.1,6657.7,3101.75,1126.1,9427.4,6538.35,1564.1,287.25,1443.55,334.7,5854.5,1531.9,499.6,1361.48,4653.9,2620.5,1582.75,1601.2,679.6,5173.8,610.3,2750.05,1166.85,1381.0,1751.1,486.3,884.0,1770.55,3576.2,2632.95,12131.1,2508.5,415.0,306.1,340.75,1456.05,797.7,1674.5,2836.8,1707.55,1185.6,1013.75,150.32,4171.2,1483.4,3335.1,5220.7,11325.3,489.5
190,3185.95,1543.8,6720.35,3101.45,1136.8,9708.2,6637.15,1571.4,300.2,1441.75,343.65,5836.8,1553.55,531.5,1385.27,4597.15,2637.05,1594.6,1623.5,696.25,5241.15,623.7,2744.05,1172.45,1345.15,1791.65,492.65,906.45,1776.55,3638.25,2680.85,12371.5,2522.8,416.3,329.1,352.05,1464.83,808.65,1685.7,2925.05,1734.45,1199.6,1025.3,153.86,4200.45,1473.65,3326.25,5472.45,11543.2,497.4
191,3167.55,1519.0,6541.9,3005.4,1138.15,9641.3,6582.2,1540.05,298.25,1451.8,338.3,5744.65,1569.95,523.45,1387.66,4576.9,2544.65,1557.85,1642.7,710.35,5158.9,614.05,2733.2,1164.6,1347.3,1743.15,494.75,887.55,1772.75,3553.55,2682.95,12218.85,2489.1,407.7,322.7,342.65,1449.13,808.05,1706.3,2872.2,1737.05,1178.3,1041.75,150.28,4172.55,1466.45,3296.5,5644.1,11258.0,487.3
192,3187.55,1533.8,6587.85,3040.6,1142.75,9765.95,6618.2,1560.2,302.2,1464.1,333.4,5740.3,1574.75,529.8,1402.7,4830.6,2572.75,1589.95,1650.2,702.4,5207.2,622.9,2747.2,1171.6,1349.8,1770.75,495.9,905.1,1769.65,3592.05,2749.15,12224.2,2504.7,410.65,332.55,346.0,1474.3,824.3,1725.1,2958.1,1735.3,1186.15,1068.1,151.81,4228.75,1506.7,3331.7,6275.35,11300.35,491.3
193,3151.75,1501.4,6502.4,3053.2,1164.3,9710.85,6608.15,1559.0,301.4,1458.6,333.4,5645.75,1586.25,523.95,1377.31,4808.8,2571.1,1585.25,1660.1,702.45,5311.85,629.35,2748.7,1172.8,1350.85,1797.4,494.6,917.35,1772.55,3571.95,2717.65,12273.25,2473.1,400.85,341.3,341.15,1460.63,812.6,1705.0,2976.1,1733.85,1170.8,1076.15,152.06,4195.65,1512.5,3320.85,6382.35,11302.85,489.05
194,3092.2,1483.45,6589.4,3023.55,1159.6,9671.6,6465.05,1543.35,296.15,1459.7,321.7,5666.5,1583.45,521.75,1389.68,4802.25,2519.25,1592.65,1603.2,685.0,5245.5,621.4,2741.4,1168.35,1350.6,1797.45,490.0,907.85,1752.05,3551.8,2718.05,12176.25,2484.7,396.2,335.9,336.95,1463.63,797.55,1682.4,2891.35,1740.1,1178.8,1053.45,148.88,4196.95,1503.4,3383.55,6381.7,11271.2,490.5
195,3040.1,1461.95,6515.85,3025.85,1153.1,9749.6,6458.5,1529.15,293.7,1471.7,325.05,5659.15,1563.8,504.7,1360.21,4733.25,2512.4,1626.15,1607.8,686.35,5072.45,621.45,2722.05,1161.65,1338.1,1823.25,492.2,890.3,1747.9,3545.2,2745.25,12205.65,2474.6,396.35,328.15,333.5,1461.85,803.0,1692.1,2895.1,1741.65,1167.55,1062.35,146.17,4295.25,1524.4,3402.15,6438.35,11002.6,495.15
196,3108.8,1493.45,6686.9,3048.15,1166.85,9888.15,6590.9,1549.9,303.3,1483.55,332.5,5729.65,1576.1,512.3,1358.72,4818.0,2600.35,1668.25,1632.1,689.4,5128.1,634.15,2748.25,1187.25,1364.15,1858.95,502.65,908.45,1777.3,3568.35,2840.45,12213.3,2525.45,398.05,329.6,338.6,1478.2,812.1,1688.9,2981.5,1742.75,1187.75,1098.35,149.52,4416.05,1585.3,3444.75,6502.4,11295.7,516.25
197,3102.55,1496.45,6724.9,3076.3,1153.25,9770.65,6616.35,1551.1,302.15,1469.65,343.8,5732.5,1575.5,522.0,1382.27,4813.3,2598.4,1678.5,1631.55,685.7,5188.9,658.85,2742.55,1175.9,1347.6,1864.8,501.45,917.75,1781.35,3555.05,2765.15,12149.8,2503.15,403.1,335.3,340.3,1488.4,813.7,1671.55,3075.6,1747.8,1177.4,1087.7,153.96,4490.0,1594.65,3464.85,6689.9,11315.35,519.75
198,3070.65,1492.55,6672.9,3103.2,1168.0,9779.7,6722.2,1602.1,303.15,1449.15,349.4,5765.8,1562.85,524.6,1393.07,4883.25,2636.7,1686.75,1637.7,710.6,5244.4,672.9,2751.05,1179.45,1381.3,1872.2,498.8,917.15,1805.65,3572.7,2771.3,12214.95,2518.5,406.25,330.1,340.5,1495.95,820.3,1761.3,3159.85,1766.35,1171.2,1086.9,153.93,4523.3,1628.6,3474.9,6793.9,11349.7,524.65
199,3115.7,1503.5,6752.45,3151.55,1174.4,9852.0,6735.35,1620.95,305.4,1463.45,351.2,5837.35,1594.6,532.2,1412.49,4913.55,2684.85,1677.25,1625.8,724.55,5284.7,685.6,2791.2,1174.85,1384.0,1872.7,505.4,925.8,1812.95,3596.05,2769.4,12220.95,2551.75,408.95,327.7,336.65,1498.68,815.55,1800.6,3159.05,1764.65,1177.55,1085.2,151.92,4551.5,1604.65,3560.4,6783.2,11200.9,526.35
200,3099.05,1492.3,6830.55,3186.6,1169.95,9914.2,6743.6,1625.7,304.5,1486.35,350.1,5836.8,1585.8,528.85,1393.81,4933.55,2755.15,1676.15,1631.3,726.0,5329.95,685.55,2792.8,1191.1,1381.9,1880.25,504.55,933.25,1821.5,3606.5,2732.95,12276.35,2551.0,403.35,324.35,334.0,1498.13,820.3,1795.25,3143.6,1750.65,1205.8,1068.45,154.14,4502.0,1611.25,3604.4,6989.8,11309.4,519.0
201,3076.35,1491.3,6860.7,3154.65,1165.95,10406.45,6735.85,1639.9,306.0,1506.75,352.2,5792.65,1574.55,538.85,1390.9,4898.1,2748.55,1661.45,1625.05,729.0,5384.9,685.1,2815.6,1203.5,1388.55,1862.1,505.8,941.05,1818.0,3598.55,2759.0,12302.3,2529.2,401.95,318.9,336.25,1499.98,815.35,1789.3,3126.55,1775.75,1196.8,1085.15,154.2,4463.9,1598.4,3570.0,6948.75,11341.8,512.4
202,3069.0,1482.55,6780.0,3171.35,1170.3,10432.55,6778.35,1686.2,306.7,1513.55,351.15,5796.95,1593.95,538.1,1388.66,4875.2,2736.6,1719.45,1639.95,725.65,5343.75,711.85,2821.15,1213.3,1384.5,1876.15,505.7,963.5,1812.5,3641.9,2793.1,12243.8,2519.55,414.85,327.85,338.25,1512.6,815.05,1796.25,3162.15,1772.45,1220.05,1092.4,155.7,4502.45,1640.15,3630.2,6925.6,11337.1,520.0
203,3067.1,1478.35,6781.45,3166.2,1181.25,10501.6,6863.6,1719.0,300.9,1522.75,349.05,5764.3,1598.05,531.4,1392.59,4868.85,2699.9,1711.6,1637.75,739.55,5356.55,703.5,2766.9,1226.35,1383.2,1900.1,500.6,944.0,1803.35,3702.7,2780.8,12496.9,2521.45,409.65,328.85,335.35,1500.45,815.9,1838.95,3229.45,1789.4,1209.6,1077.25,154.7,4497.15,1624.6,3551.25,6869.9,11300.35,517.15
204,3028.0,1469.8,6776.45,3125.5,1170.95,10656.75,6900.0,1713.5,299.95,1556.35,348.15,5703.35,1618.2,526.35,1399.86,4946.85,2715.55,1719.45,1637.1,742.1,5311.4,705.05,2764.35,1223.85,1415.75,1939.1,497.3,949.25,1791.3,3689.05,2798.0,12357.5,2492.5,409.05,327.8,334.45,1498.3,809.4,1843.7,3201.85,1811.85,1201.15,1074.55,153.7,4506.05,1627.35,3527.5,7242.1,11234.8,534.6
205,3020.15,1476.05,6857.2,3115.85,1175.4,10807.85,7063.55,1755.65,296.2,1565.9,356.45,5831.4,1618.55,527.55,1386.23,4915.9,2676.2,1751.85,1638.55,736.9,5374.5,700.5,2785.25,1221.9,1417.45,1933.35,505.1,939.7,1777.25,3683.45,2757.6,12453.8,2504.55,409.9,329.6,333.3,1520.93,814.5,1843.7,3200.5,1799.2,1198.45,1121.65,152.97,4511.8,1647.35,3533.2,7170.65,11222.0,538.7
206,3019.35,1481.9,6927.5,3126.8,1175.25,10891.55,7200.15,1783.05,299.3,1589.05,357.65,5855.25,1654.9,524.95,1406.27,4960.5,2698.85,1753.25,1636.9,738.7,5455.4,701.35,2778.0,1229.2,1425.25,1943.7,501.9,941.1,1780.8,3704.65,2805.4,12403.0,2500.75,416.2,330.75,337.4,1509.63,815.6,1850.3,3204.5,1821.65,1200.15,1111.35,152.76,4553.75,1636.5,3565.15,7158.75,11301.9,538.4
207,3042.15,1494.5,6880.05,3150.95,1188.8,11126.1,7440.05,1840.55,296.9,1571.35,358.45,5922.15,1646.65,520.85,1374.43,4911.95,2690.8,1806.65,1626.95,745.3,5578.2,683.9,2789.05,1229.95,1449.05,1964.5,510.05,940.45,1780.25,3683.1,2777.0,12427.4,2509.9,410.0,326.2,335.55,1516.25,822.15,1888.75,3225.25,1815.95,1199.7,1092.65,152.88,4521.05,1646.65,3587.55,7148.2,11424.9,532.45
208,3036.1,1479.55,6844.85,3154.85,1191.6,11043.65,7353.8,1865.6,297.15,1560.6,355.4,5916.05,1653.2,519.6,1370.77,4865.8,2706.85,1790.45,1637.35,758.75,5646.5,678.9,2794.3,1247.7,1436.7,1941.25,509.4,930.95,1783.8,3690.15,2784.85,12397.1,2530.75,406.4,322.2,334.65,1509.13,824.8,1928.65,3271.6,1811.5,1199.0,1085.1,152.15,4512.35,1644.1,3621.15,7042.8,11460.8,536.05
209,3012.35,1472.1,6930.9,3231.65,1177.7,10963.7,7299.5,1871.9,298.95,1561.9,357.25,5926.55,1651.9,503.65,1357.44,4833.55,2757.65,1785.25,1641.8,758.8,5683.75,666.8,2841.25,1236.35,1434.4,1922.45,506.35,933.05,1783.8,3650.8,2749.6,12336.25,2534.75,405.1,314.4,332.9,1514.55,816.5,1912.2,3243.95,1832.85,1194.95,1080.45,151.18,4479.25,1645.3,3607.7,7139.9,11580.45,519.15
210,3015.35,1465.55,6934.3,3238.25,1180.55,10855.75,7244.9,1864.95,290.6,1547.2,360.7,5850.0,1627.75,497.0,1339.15,4800.1,2741.6,1790.55,1645.45,751.85,5734.2,669.95,2838.45,1235.95,1422.9,1933.15,511.2,925.45,1777.95,3624.15,2723.1,12298.6,2504.9,403.25,311.4,331.25,1492.98,818.75,1907.85,3245.5,1826.5,1188.65,1069.15,151.72,4475.95,1639.5,3722.85,7167.65,11542.65,524.85
211,2975.45,1442.4,6906.8,3273.7,1158.75,10830.1,7317.15,1857.15,283.6,1539.25,352.15,5843.55,1611.05,488.55,1333.43,4752.5,2692.85,1756.1,1636.95,738.4,5743.75,667.1,2838.95,1208.15,1409.35,1901.85,501.7,932.8,1764.15,3574.75,2698.1,12186.15,2503.2,394.8,308.8,329.8,1464.83,782.5,1896.3,3235.65,1824.55,1173.85,1049.35,151.22,4456.75,1623.25,3695.5,7103.55,11432.85,520.6
212,2964.15,1435.9,6860.7,3280.75,1170.85,10847.6,7347.45,1860.45,281.55,1542.65,347.8,5939.45,1620.15,484.45,1331.18,4747.35,2710.35,1746.75,1646.5,735.8,5745.3,658.55,2921.8,1235.0,1428.1,1894.65,511.75,934.25,1790.15,3578.3,2708.85,12145.75,2516.75,389.85,298.9,328.55,1462.45,784.25,1901.75,3315.7,1821.85,1192.05,1038.7,149.47,4449.55,1579.2,3684.55,7136.65,11494.35,514.85
213,2986.4,1453.4,6921.55,3295.05,1187.2,10987.75,7241.85,1824.5,285.75,1577.85,345.95,5969.9,1632.0,491.1,1330.08,4737.2,2702.55,1779.1,1650.35,702.9,5669.7,659.5,2898.6,1237.3,1435.55,1912.3,513.6,938.75,1791.6,3596.15,2690.0,12263.4,2535.5,396.3,295.6,334.15,1461.53,782.65,1853.45,3260.05,1836.35,1204.15,1035.8,149.42,4507.85,1607.4,3727.4,7137.95,11541.05,525.75
214,2937.85,1430.6,6900.25,3367.45,1186.1,11420.75,7345.55,1833.15,288.05,1577.8,340.25,6008.65,1628.35,483.95,1322.5,4726.65,2681.15,1778.75,1643.9,700.15,5654.45,647.7,2904.15,1236.35,1421.2,1910.15,514.35,927.75,1789.25,3536.95,2654.25,12242.6,2526.85,389.65,285.3,333.2,1451.5,768.6,1859.15,3279.9,1845.7,1204.4,976.3,148.17,4479.35,1602.6,3711.1,7148.85,11487.45,514.35
215,2991.0,1472.6,7061.8,3383.25,1203.35,11723.5,7428.3,1854.85,291.7,1646.75,344.3,6109.25,1657.25,495.65,1336.77,4875.0,2757.1,1807.6,1666.6,714.55,5803.15,676.2,2956.4,1252.15,1443.35,1950.45,519.5,954.8,1827.45,3622.0,2740.9,12400.85,2527.85,404.85,294.05,338.2,1479.8,787.75,1875.95,3400.75,1865.4,1222.75,986.15,151.74,4517.7,1643.25,3764.25,7210.5,11710.25,530.05
216,2968.35,1452.1,7019.15,3358.05,1217.45,11737.15,7598.5,1894.45,289.95,1634.45,342.3,6133.1,1659.7,490.25,1332.14,4858.3,2784.35,1812.8,1665.95,705.4,5795.8,673.25,2932.95,1250.35,1464.05,1944.1,513.85,954.55,1820.35,3613.0,2739.1,12316.05,2531.4,401.4,291.45,337.25,1472.63,790.85,1846.5,3368.25,1853.75,1210.3,992.1,153.49,4522.6,1656.05,3767.0,7233.15,11717.95,550.6
217,2984.9,1440.7,7031.35,3335.8,1231.05,11688.35,7345.75,1857.6,290.4,1635.45,340.65,6063.0,1659.4,493.25,1329.42,4899.2,2765.3,1811.85,1670.95,701.35,5779.45,685.15,2867.1,1262.85,1470.2,1950.25,511.1,971.0,1831.3,3662.25,2757.4,12289.0,2549.6,411.1,292.5,338.25,1471.35,785.55,1821.25,3418.95,1862.95,1218.5,988.4,154.21,4513.25,1649.0,3740.65,7318.8,11642.65,551.9
218,2975.2,1426.6,7008.05,3312.8,1232.1,11950.3,7365.5,1848.7,284.3,1661.75,338.4,6111.05,1671.8,488.5,1326.33,4850.2,2754.85,1813.75,1668.8,698.9,5961.2,683.0,2873.5,1268.1,1466.35,1952.55,507.75,964.25,1846.65,3695.2,2787.65,12245.75,2546.85,416.3,294.65,336.9,1472.3,782.9,1819.15,3424.6,1866.1,1220.25,974.95,152.82,4505.65,1651.55,3767.4,7403.45,11645.65,551.9
219,2956.3,1428.8,7035.9,3274.65,1240.45,11764.65,7631.1,1888.2,282.85,1654.9,336.1,6123.25,1651.6,487.1,1313.56,4850.35,2722.7,1756.5,1694.8,698.8,5964.75,685.25,2875.85,1288.35,1480.25,1892.15,507.35,956.7,1839.7,3730.45,2808.2,12204.1,2597.15,414.15,290.4,334.3,1463.45,792.75,1842.45,3574.7,1836.0,1200.85,962.05,150.6,4346.15,1605.4,3725.35,7336.0,11630.9,538.15
220,2943.15,1408.2,7030.25,3293.85,1242.7,11868.0,7590.35,1890.4,272.7,1664.85,324.45,6134.5,1637.7,477.95,1300.51,4864.9,2738.95,1736.5,1708.5,701.5,6006.05,684.2,2911.75,1292.0,1484.75,1894.2,508.25,948.4,1871.95,3683.7,2797.5,12351.5,2634.2,423.95,285.25,334.9,1469.68,789.95,1840.95,3525.35,1846.05,1215.25,967.0,149.54,4296.15,1595.35,3780.95,7326.15,11627.5,533.35
221,3008.5,1438.7,7082.65,3306.95,1245.0,11941.7,7582.45,1916.8,277.35,1711.75,331.2,6210.55,1638.65,490.95,1310.23,4963.15,2678.25,1760.05,1741.2,711.1,6013.25,694.4,2977.6,1338.45,1480.2,1905.75,514.4,981.55,1904.5,3793.9,2950.85,12614.5,2699.55,423.95,286.25,340.85,1485.93,781.7,1870.25,3532.1,1865.75,1216.85,970.85,152.02,4284.9,1622.05,3797.2,7465.15,11798.3,539.1
222,3043.95,1456.15,7152.8,3277.45,1246.8,12338.95,7595.1,1919.95,286.3,1750.45,338.1,6211.2,1658.15,500.6,1330.89,4879.55,2666.9,1752.8,1759.8,727.5,6190.55,690.55,3028.55,1321.9,1465.1,1896.45,516.95,982.1,1934.7,3787.7,3049.8,12683.1,2725.15,428.35,295.45,341.15,1493.38,801.85,1920.15,3567.7,1862.7,1211.55,971.8,153.99,4268.5,1607.15,3820.1,7623.45,11962.05,534.9
223,3093.9,1456.65,7122.0,3248.4,1239.55,12443.65,7554.2,1904.65,291.8,1756.65,339.15,6203.15,1637.55,504.3,1330.07,4876.9,2619.3,1775.6,1768.05,720.7,6126.3,717.85,2950.55,1318.6,1448.3,1898.6,515.25,989.7,1914.7,3791.6,3074.3,12738.6,2696.4,428.1,299.45,350.05,1489.38,798.25,1864.35,3516.3,1868.1,1211.65,977.3,160.53,4271.3,1637.1,3784.9,7621.35,11761.65,539.55
224,3105.1,1452.55,7133.45,3244.75,1268.1,12397.25,7623.9,1928.5,289.85,1760.4,339.8,6180.3,1643.2,505.3,1338.29,4895.25,2662.0,1782.4,1779.1,716.55,6088.3,718.45,2948.95,1323.85,1439.5,1895.3,517.55,982.65,1897.95,3793.85,3091.05,12785.3,2697.35,436.1,298.7,363.75,1493.95,793.1,1863.6,3524.05,1870.55,1189.6,963.6,161.66,4274.75,1602.75,3737.25,7614.9,11816.3,536.2
225,3122.65,1472.6,7167.85,3277.05,1277.1,12621.65,7768.4,1982.8,290.5,1771.1,345.1,6254.1,1621.8,506.55,1348.88,4994.25,2745.85,1783.85,1783.45,729.55,6051.45,734.65,2986.1,1329.05,1452.7,1900.25,522.75,1005.55,1902.3,3762.15,3181.1,13383.8,2755.5,434.6,295.2,365.45,1497.95,801.85,1898.3,3628.45,1898.4,1213.45,993.15,165.61,4292.5,1606.95,3757.55,7845.4,12065.0,541.9
226,3130.3,1456.7,7234.0,3310.75,1273.15,12666.4,7756.0,2010.7,293.45,1734.6,367.3,6268.8,1672.5,516.1,1349.98,5062.6,2783.15,1808.4,1752.65,730.2,5957.35,747.15,2966.25,1306.6,1462.7,1906.75,522.7,1001.55,1872.45,3705.65,3183.65,13495.6,2745.7,436.9,297.2,354.25,1526.18,802.65,1882.65,3621.05,1948.7,1201.55,993.0,166.55,4308.7,1609.25,3816.7,7833.7,11952.3,541.8
227,3135.85,1448.2,7199.15,3329.1,1232.2,12345.95,7703.0,1973.4,285.1,1709.55,369.95,6338.15,1654.1,510.15,1350.32,5026.25,2795.55,1796.1,1732.05,718.0,5712.4,756.2,2958.3,1273.0,1447.6,1875.6,518.15,1030.05,1853.95,3675.55,3094.9,13238.0,2689.95,443.2,297.6,352.85,1476.58,787.9,1844.0,3576.95,1926.7,1196.95,974.65,168.55,4268.5,1577.2,3823.95,7574.65,11802.0,541.45
228,3186.1,1467.5,7153.35,3277.35,1226.65,12157.45,7703.0,1975.25,283.95,1698.7,368.25,6446.05,1664.85,508.5,1349.82,4972.65,2801.15,1816.5,1726.2,710.2,5750.1,761.55,2923.75,1274.4,1409.7,1904.35,516.2,1027.3,1879.4,3653.5,3165.5,13166.0,2707.05,440.1,291.95,350.8,1464.83,796.95,1834.2,3570.4,1919.95,1196.25,965.2,167.03,4287.9,1625.4,3775.95,7612.7,11837.15,546.75
229,3116.0,1425.2,6905.95,3149.3,1175.7,11806.45,7433.85,1913.4,278.7,1673.45,348.85,6331.75,1656.55,502.35,1347.13,4782.5,2766.15,1778.55,1682.0,702.25,5662.75,747.1,2893.35,1256.35,1387.75,1893.4,512.75,1039.1,1822.8,3497.65,3129.85,12647.35,2674.85,435.35,292.05,344.15,1406.98,794.1,1805.55,3409.5,1910.85,1152.75,925.7,166.98,4232.75,1604.05,3674.95,7487.9,11724.8,530.15
230,3110.65,1413.7,6773.6,3072.5,1178.4,11774.4,7211.35,1884.55,277.2,1640.9,340.25,6206.0,1623.3,497.2,1326.65,4706.8,2745.1,1776.6,1657.65,708.8,5520.85,747.9,2848.75,1239.75,1382.85,1918.15,503.55,1033.75,1809.0,3493.95,3017.45,12605.75,2598.15,430.45,295.25,338.85,1386.53,796.65,1798.1,3336.3,1910.05,1130.4,930.75,166.75,4252.25,1616.45,3670.1,7353.3,11450.25,533.55
231,3018.0,1355.2,6773.15,3062.25,1145.7,11617.05,7269.4,1879.3,267.35,1662.05,335.0,6120.3,1624.65,480.45,1321.98,4667.95,2720.5,1776.95,1617.8,705.85,5501.55,731.3,2833.4,1233.9,1350.85,1934.3,510.2,1018.75,1790.25,3468.35,3060.2,12527.5,2573.85,415.45,289.45,328.95,1370.73,770.65,1787.95,3299.35,1905.25,1111.4,927.85,164.36,4272.85,1618.55,3589.25,7449.5,11230.35,531.45
232,3160.7,1418.55,6924.3,3088.05,1153.3,11889.1,7186.95,1838.15,280.25,1657.45,338.0,6204.4,1640.7,491.85,1331.21,4693.45,2738.2,1789.45,1651.05,710.1,5529.85,721.8,2818.8,1236.6,1359.55,1948.55,507.95,998.2,1803.4,3532.4,3165.85,12531.95,2581.75,420.95,293.45,327.15,1397.35,781.45,1728.05,3329.3,1917.15,1119.05,919.8,159.52,4253.25,1629.1,3493.35,8041.95,11389.8,526.95
233,3153.75,1408.15,7008.9,3078.85,1170.15,11818.1,7300.45,1866.95,282.4,1678.1,338.85,6097.25,1680.5,486.95,1332.97,4708.9,2715.75,1809.7,1633.15,717.3,5554.6,727.55,2768.95,1244.15,1341.55,1952.75,491.7,994.5,1800.8,3487.1,3153.0,12760.7,2516.0,418.45,288.5,329.75,1374.6,797.4,1737.4,3387.95,1930.85,1117.8,939.15,159.06,4252.95,1658.8,3493.45,8220.85,11350.15,531.15
234,3174.2,1417.2,6955.05,3059.1,1184.25,11832.0,7319.7,1875.7,286.9,1678.1,335.45,6002.15,1618.9,488.1,1316.62,4697.9,2722.45,1808.65,1662.4,723.65,5456.1,730.15,2754.7,1243.5,1356.4,1919.0,492.05,1007.4,1876.1,3460.35,3194.3,12944.1,2512.45,422.7,288.75,334.35,1371.05,797.1,1734.5,3337.65,1887.75,1114.15,928.5,159.72,4227.4,1619.7,3447.25,8028.85,11430.05,525.0
235,3137.2,1408.25,6983.4,3037.2,1172.45,11876.95,7302.0,1876.4,285.9,1687.4,337.65,5978.5,1595.75,492.95,1319.84,4728.05,2725.55,1839.65,1651.0,723.85,5476.3,747.35,2783.2,1223.0,1347.6,1935.1,488.2,1012.05,1882.4,3482.55,3134.35,12776.65,2511.8,422.5,292.55,330.05,1372.1,799.75,1735.05,3341.2,1901.95,1113.1,930.7,160.66,4149.2,1647.05,3474.4,8234.95,11421.3,528.3
236,3101.1,1410.3,7092.6,3039.15,1164.35,11899.3,7208.8,1867.2,285.7,1695.6,340.75,5978.05,1598.45,498.3,1331.98,4779.8,2726.9,1855.9,1688.1,740.6,5555.35,743.0,2789.1,1231.75,1370.45,1958.9,496.95,1012.5,1910.8,3555.05,3154.9,12537.85,2502.05,424.5,286.5,330.7,1372.53,805.15,1738.3,3395.3,1909.75,1113.55,928.25,158.32,4136.65,1692.5,3497.8,8191.85,11300.3,549.55
237,3104.7,1420.3,7140.15,3067.1,1153.85,11521.5,7016.9,1853.95,288.85,1717.25,348.75,6068.7,1571.75,494.45,1322.33,4722.1,2735.8,1870.1,1684.1,714.25,5505.65,726.95,2781.45,1255.5,1360.9,1959.3,498.55,1000.85,1895.2,3551.9,3155.8,12446.75,2484.25,426.6,283.7,329.85,1344.03,804.65,1723.75,3401.15,1898.45,1115.25,917.3,155.63,4116.8,1675.35,3508.5,8124.25,11416.9,532.95
238,3085.9,1403.8,7071.3,3082.1,1153.2,11616.95,6956.35,1862.05,285.7,1733.95,350.75,6090.1,1562.2,495.75,1342.18,4678.25,2764.1,1865.25,1699.8,726.8,5398.2,733.1,2781.25,1243.15,1346.3,1920.1,493.2,989.35,1876.35,3532.6,3068.0,12383.9,2462.25,424.25,285.4,327.2,1354.08,805.45,1733.75,3390.4,1898.5,1113.95,907.45,155.24,4094.95,1660.3,3471.0,7805.8,11322.3,532.15
239,3013.75,1394.7,6989.3,3055.85,1131.85,10119.45,6899.5,1815.8,284.55,1701.15,342.7,5988.5,1558.7,489.9,1340.81,4623.85,2705.85,1867.8,1673.15,726.1,5217.45,734.8,2738.65,1231.25,1347.35,1968.1,488.9,979.5,1864.05,3570.3,2964.6,12143.75,2378.7,417.75,281.6,331.15,1356.43,811.05,1702.0,3258.6,1889.55,1090.15,891.6,152.4,4109.0,1699.0,3403.35,7719.65,11017.3,528.75
240,3002.0,1405.6,6982.9,2992.15,1196.85,10063.95,6899.55,1819.9,287.15,1707.85,342.5,5887.2,1551.7,492.2,1348.22,4765.65,2760.95,1857.7,1681.85,742.45,5216.2,753.5,2717.1,1264.5,1347.25,1879.6,486.7,992.6,1871.05,3577.8,2964.25,12105.1,2350.25,424.95,283.3,332.05,1359.3,820.4,1706.05,3344.65,1910.35,1093.25,910.15,155.39,4123.05,1687.9,3381.45,7768.05,11069.3,548.65
241,2937.65,1375.5,6986.4,3049.2,1190.3,10500.5,6780.9,1758.4,282.3,1692.55,331.65,5778.3,1523.75,485.4,1339.48,4810.45,2718.25,1843.6,1728.7,745.85,5242.25,739.6,2693.55,1259.05,1308.25,1852.75,483.65,981.45,1789.2,3585.6,2998.2,12175.9,2354.65,425.0,276.6,331.15,1369.2,813.95,1711.85,3313.3,1897.0,1017.05,903.3,155.03,4079.85,1701.2,3363.25,7606.55,10869.3,548.1
242,2823.8,1362.85,6891.95,3006.85,1175.75,10368.35,6677.9,1722.6,271.65,1692.25,322.9,5727.0,1510.35,468.35,1332.48,4759.05,2655.35,1822.75,1714.55,728.2,5175.8,720.25,2681.7,1267.5,1274.35,1851.6,481.8,963.65,1763.15,3511.9,2887.2,11923.3,2350.25,415.75,270.8,322.75,1343.35,790.4,1698.15,3254.5,1887.55,998.25,879.5,150.39,4015.5,1696.55,3329.8,7497.35,10825.15,545.45
243,2835.55,1340.45,6906.75,2989.7,1160.4,10586.75,6995.8,1739.7,268.65,1685.8,323.05,5748.85,1485.6,474.1,1321.58,4677.75,2633.2,1845.75,1735.8,723.75,5145.7,717.1,2659.3,1251.6,1274.3,1873.4,480.35,954.45,1767.8,3455.4,2793.5,11956.2,2327.15,408.3,270.85,316.9,1338.53,786.0,1716.0,3197.75,1839.35,1014.55,877.65,148.78,4066.25,1735.95,3288.6,7511.3,10753.05,547.2
244,2830.2,1354.4,6954.15,2972.0,1167.35,10302.5,7040.9,1742.1,271.35,1678.45,321.45,5612.4,1492.3,477.25,1316.54,4668.5,2666.7,1844.9,1749.65,714.85,5113.6,690.7,2505.1,1252.75,1280.05,1863.35,471.7,958.1,1762.2,3442.65,2826.35,11763.7,2258.65,411.9,269.1,319.15,1339.8,794.55,1635.3,3245.1,1848.9,996.45,880.0,148.98,4047.9,1735.75,3330.9,7488.0,11043.6,546.9
245,2693.45,1318.7,6944.85,2958.0,1189.35,10206.1,6910.15,1707.4,272.35,1666.0,306.3,5669.4,1488.9,461.1,1302.94,4591.6,2615.2,1852.35,1743.4,709.45,4973.3,678.75,2528.05,1255.45,1041.6,1862.05,482.3,943.85,1768.85,3326.4,2720.85,11502.85,2260.7,398.9,264.05,315.8,1327.85,780.95,1616.75,3092.65,1860.4,973.05,864.3,145.86,4057.55,1716.45,3266.55,7361.45,10995.2,543.45
246,2798.65,1352.2,6926.3,3001.85,1171.6,10011.25,6911.35,1730.45,270.05,1663.35,310.4,5722.3,1503.15,441.65,1311.5,4720.65,2646.95,1871.75,1734.2,718.25,4927.8,692.9,2575.8,1292.85,1054.8,1865.35,484.15,967.25,1749.85,3340.8,2781.0,11483.25,2272.05,403.9,263.35,318.3,1334.35,792.05,1605.9,3259.3,1902.9,975.9,878.45,149.38,4090.85,1702.55,3283.05,7307.85,11092.6,558.6
247,2848.6,1372.7,6987.45,2992.85,1186.85,9850.85,7022.5,1766.7,283.65,1637.1,311.45,5667.5,1477.55,445.55,1274.7,4898.15,2686.0,1871.75,1751.85,742.4,4787.45,693.6,2547.65,1331.85,1038.15,1839.3,487.95,958.8,1760.2,3380.9,2746.9,11046.0,2267.4,412.15,265.0,320.55,1340.0,832.7,1661.35,3265.8,1871.6,992.05,842.75,150.06,4075.25,1698.5,3283.4,7410.3,11112.1,562.2
248,2969.3,1396.2,6982.5,2996.65,1170.4,9940.65,6955.0,1752.45,288.55,1633.35,311.3,5782.5,1418.25,449.15,1249.85,4869.25,2672.55,1838.8,1734.6,727.05,4909.3,688.4,2554.95,1312.15,1056.4,1802.1,491.55,957.3,1734.6,3408.35,2707.7,11256.45,2276.3,408.5,261.65,318.45,1343.9,822.45,1624.15,3185.8,1852.1,1022.7,840.2,148.97,4084.65,1684.95,3308.45,7252.45,11205.1,565.25
249,2947.25,1375.95,7022.7,2935.65,1159.55,9836.3,6889.75,1750.75,284.9,1612.6,310.75,5726.9,1551.75,452.05,1274.2,4894.65,2695.85,1766.05,1735.7,720.15,4989.55,686.05,2528.25,1292.25,1055.6,1757.25,488.8,963.65,1731.1,3622.3,2728.55,11076.45,2262.95,408.15,266.15,320.8,1332.05,820.2,1622.15,3138.9,1848.9,1002.55,834.05,148.56,3968.45,1608.65,3267.05,7128.35,11065.65,551.8
